country,year,stringency_index_mean,cases_pm_mean,deaths_pm_mean,vax_end,iso3
Afghanistan,2020,41.48726775956284,3.552584409556474,0.14860705833608814,,AFG
Afghanistan,2021,29.24221917808219,7.138411139942466,0.3488557609753425,10.2094,AFG
Afghanistan,2022,11.415643835616438,3.3417100392082193,0.03328544423561643,28.240557,AFG
Albania,2020,55.19612021857923,55.67485390867769,1.13987996261708,,ALB
Albania,2021,48.59090410958904,147.03620969613698,1.9785305259452057,40.36923,ALB
Albania,2022,21.522547945205478,120.01890088372602,0.37206451049315076,47.469105,ALB
Algeria,2020,60.22428961748634,6.015824910272728,0.16664351580716252,,DZA
Algeria,2021,59.29178082191781,7.152492790684932,0.2120578016383562,15.525818,DZA
Algeria,2022,25.554630136986304,3.203759660290411,0.03674865333150685,17.239624,DZA
Andorra,2020,38.21699453551913,275.85529184848485,2.902648661157025,,AND
Andorra,2021,49.39364383561644,520.2668313561644,1.9244958383561646,71.60508,AND
Andorra,2022,12.836712328767122,846.4001364657535,0.6185879479452056,72.62863,AND
Angola,2020,58.326912568306014,1.3476850204517905,0.03130915150964188,,AGO
Angola,2021,58.863068493150685,4.563310529041096,0.10394574724109588,21.56703,AGO
Angola,2022,37.65684931506849,2.176402495791781,0.013300750128767124,42.06572,AGO
Argentina,2020,71.36551912568305,101.57810961833334,2.9285201414132227,0.09556706,ARG
Argentina,2021,66.84098630136987,247.75138748164383,4.217779963136986,85.5029,ARG
Argentina,2022,19.028904109589043,248.01770953561646,0.7208931354465754,91.238914,ARG
Aruba,2020,45.16516393442623,137.31680420936638,1.2522842479338843,,ABW
Aruba,2021,42.77775342465753,349.1920529642857,3.355015531506849,78.62457,ABW
Aruba,2022,26.78898630136986,631.3275039342466,2.516261695890411,83.63236,ABW
Australia,2020,55.85450819672131,2.984031593911846,0.09673052498622589,,AUS
Australia,2021,61.46345205479452,35.36685781789041,0.15925364493150684,78.028915,AUS
Australia,2022,24.249397260273973,1089.4656057534246,1.7218843025205481,84.85075,AUS
Austria,2020,47.06521857923497,107.17500278090908,2.242531263636364,,AUT
Austria,2021,61.62435616438356,275.60597831041093,2.816290578547945,73.99297,AUT
Austria,2022,38.745479452054795,1340.841135890411,1.4921685559178084,76.09498,AUT
Azerbaijan,2020,65.47890710382514,57.95360357198347,0.6890191743250689,,AZE
Azerbaijan,2021,65.46446575342465,106.38388875780822,1.5357443007123288,50.211052,AZE
Azerbaijan,2022,49.016246575342464,55.87304385961643,0.44228158438356163,52.191284,AZE
Bahamas,2020,64.6264480874317,54.44614175977962,1.250779958563536,,BHS
Bahamas,2021,62.12446575342466,114.53256897260273,3.769740376986301,39.502995,BHS
Bahamas,2022,30.100301369863015,89.69501135671233,0.7994330673972602,43.80594,BHS
Bahrain,2020,55.19174863387978,166.03910440385675,0.6323588329201102,3.8242276,BHR
Bahrain,2021,44.102,337.63917213972604,1.861668728630137,78.459564,BHR
Bahrain,2022,14.037671232876713,741.8231767726027,0.25370149780821916,80.939445,BHR
Bangladesh,2020,66.01172131147541,8.351560153135813,0.12293712474325069,,BGD
Bangladesh,2021,64.03383561643835,17.339597035095892,0.33279756466565935,38.867336,BGD
Bangladesh,2022,19.83068493150685,7.304204699460273,0.02212679742356164,88.048386,BGD
Barbados,2020,45.277622950819676,3.6298485663911846,0.06830360110192837,,BRB
Barbados,2021,64.18619178082191,271.11568905424656,2.4551602701369863,55.238663,BRB
Barbados,2022,34.072931506849315,749.2120685561644,2.9888907695890405,58.02553,BRB
Belarus,2020,24.918415300546446,57.76804172022038,0.42463914606060604,0.0,BLR
Belarus,2021,34.249013698630144,150.89722271780823,1.2385638638356165,47.486397,BLR
Belarus,2022,10.904575342465753,88.53536610958905,0.46502146071232875,70.18065,BLR
Belgium,2020,51.53062841530054,152.6929209514325,4.646971121184573,0.0079454975,BEL
Belgium,2021,50.114904109589034,341.5734209178082,2.042472253972603,76.790184,BEL
Belgium,2022,15.462109589041097,609.0921035835617,1.1771455443561645,79.53704,BEL
Belize,2020,58.01418032786885,72.97103994214876,1.6484833561983472,,BLZ
Belize,2021,62.25578082191781,145.57096813479453,2.435235604945055,57.1397,BLZ
Belize,2022,23.751561643835615,258.714794010989,0.6190456441095891,62.5248,BLZ
Benin,2020,37.83986338797814,0.6508898103030303,0.00880933603305785,,BEN
Benin,2021,40.46769863013699,4.339316111780822,0.023296470164383565,12.353524,BEN
Benin,2022,18.200246575342465,0.5857967146027397,0.00039823024657534246,26.870075,BEN
Bermuda,2020,45.509234972677596,25.305972782369146,0.4253104683195592,,BMU
Bermuda,2021,49.38994520547946,242.62132542465753,4.060608,71.317856,BMU
Bermuda,2022,23.29172602739726,519.8847147123288,1.9880060000000002,74.9614,BMU
Bhutan,2020,63.92814207650274,2.363529764738292,0.0,,BTN
Bhutan,2021,58.23676712328766,6.981570220273972,0.010524980547945206,75.52134,BTN
Bhutan,2022,29.849753424657536,210.0470293169863,0.06314988273972603,89.52455,BTN
Bolivia,2020,67.19986338797814,35.78620593429752,2.0837098466115704,,BOL
Bolivia,2021,33.68230136986301,98.65472406849317,2.385347934849315,46.659164,BOL
Bolivia,2022,25.928356164383562,128.03159353808218,0.5991159219178083,60.949844,BOL
Bosnia and Herzegovina,2020,46.82188524590164,95.40177494669423,3.4813460133608816,,BIH
Bosnia and Herzegovina,2021,38.78657534246575,153.43926548575342,8.01707883589041,27.541203,BIH
Bosnia and Herzegovina,2022,30.4173698630137,94.56870426602741,2.39879752739726,29.43689,BIH
Botswana,2020,50.905109289617485,16.526249557575756,0.048550162809917356,,BWA
Botswana,2021,50.620164383561644,232.90469894794523,2.7050344238356163,47.91997,BWA
Botswana,2022,7.908027397260275,119.00130165232876,0.37504421397260274,69.14519,BWA
Brazil,2020,57.50562841530055,99.07557582329973,2.523944228403857,,BRA
Brazil,2021,59.72449315068493,192.03868643681318,5.551404169643836,79.02541,BRA
Brazil,2022,28.373068493150686,182.88489457972602,0.9759667046947945,89.65677,BRA
Brunei,2020,38.319508196721316,0.9497838608815428,0.018148737190082642,,BRN
Brunei,2021,52.792767123287675,92.15366644849315,0.3489529605479452,89.13289,BRN
Brunei,2022,27.37901369863014,1532.5352700164383,0.523429445479452,98.90859,BRN
Bulgaria,2020,41.0883606557377,79.6613782137741,2.874741580413223,0.06750796,BGR
Bulgaria,2021,48.39558904109589,215.33654467945206,9.394166968219178,27.896008,BGR
Bulgaria,2022,19.005287671232878,219.44541052054794,3.013518724931507,30.834963,BGR
Burkina Faso,2020,31.35743169398907,0.8208517805592287,0.01040292249862259,,BFA
Burkina Faso,2021,19.65,1.3297550536027396,0.02835999322739726,4.319936,BFA
Burkina Faso,2022,10.447534246575342,0.5344580631671233,0.009372186663013697,19.399878,BFA
Burundi,2020,11.843879781420764,0.1691634482093664,0.0004136025344352617,,BDI
Burundi,2021,16.0901095890411,6.114924570465754,0.002468017315068493,0.030102614,BDI
Burundi,2022,19.626821917808222,4.444899455342466,0.0002056681095890411,0.21425405,BDI
Cambodia,2020,44.175983606557374,0.0586141609862259,0.0,,KHM
Cambodia,2021,71.0048493150685,19.13268263292055,0.47972262032054797,82.9113,KHM
Cambodia,2022,20.186465753424656,2.8804062478,0.0070079001643835615,88.60723,KHM
Cameroon,2020,42.06560109289617,2.6765840667933882,0.044662904515151515,,CMR
Cameroon,2021,31.259095890410958,8.211215527123288,0.13930254018082192,3.018561,CMR
Cameroon,2022,21.27191780821918,1.4204893358082191,0.011104544,11.698046,CMR
Canada,2020,55.79491803278688,40.240240245060775,1.0838683783608816,0.24771994,CAN
Canada,2021,69.4129315068493,108.46803710301369,1.0362914088931507,81.77516,CAN
Canada,2022,25.710794520547946,168.69093606027397,1.3547578831785714,89.17345,CAN
Cape Verde,2020,58.277404371584694,62.506210929752065,0.5936314396694214,,CPV
Cape Verde,2021,59.33367123287672,152.5759874449315,1.265097144931507,58.259163,CPV
Cape Verde,2022,26.833287671232874,118.40255053342464,0.31627428739726027,68.63569,CPV
Central African Republic,2020,39.564535519125684,3.1438659872176307,0.034043238732782366,,CAF
Central African Republic,2021,16.270712328767125,3.5662390092602743,0.020421501917808216,7.357654,CAF
Central African Republic,2022,15.832273972602739,1.5617074452054793,0.0064488952328767115,38.93245,CAF
Chad,2020,54.58786885245902,0.3100332766942149,0.01567332391184573,,TCD
Chad,2021,30.004575342465753,0.5379894554794521,0.011282339452054794,1.1121943,TCD
Chad,2022,24.29835616438356,0.2893326359178082,0.0019298738630136988,20.31966,TCD
Chile,2020,65.16598360655738,85.37211297060607,2.3245391555922863,0.04422843,CHL
Chile,2021,64.63060273972603,167.96357132054794,3.166239681780822,88.51766,CHL
Chile,2022,24.32643835616438,452.25369881095895,3.370251146575343,92.481575,CHL
China,2020,68.27338797814207,0.18686543502093664,0.00925503213553719,,CHN
China,2021,74.11605479452055,0.06804814206739726,0.00175128136,88.4076,CHN
China,2022,77.56400000000001,163.00367745943564,0.09005354029835616,91.72332,CHN
Colombia,2020,63.194699453551905,86.22458685220441,2.269329997247934,,COL
Colombia,2021,61.00991780821918,186.59795367397263,4.620016151753425,74.12953,COL
Colombia,2022,27.756493150684932,63.88951853835616,0.6520213944493151,82.93569,COL
Congo,2020,52.01385245901639,2.9355341066391185,0.04564661942148761,,COG
Congo,2021,45.12271232876713,6.73956454849315,0.12211658761643836,10.321049,COG
Congo,2022,33.43334246575343,1.7516563918406591,0.007717405150684932,11.52855,COG
Costa Rica,2020,54.3942349726776,90.42162885639118,1.1687661842975208,0.0010823014,CRI
Costa Rica,2021,56.327260273972605,217.89489161232876,2.802392214684932,77.62919,CRI
Costa Rica,2022,19.1693698630137,321.2572301671233,0.9332321843561644,90.2645,CRI
Cote d'Ivoire,2020,38.86579234972678,,,,CIV
Cote d'Ivoire,2021,19.700410958904108,,,16.28812,CIV
Cote d'Ivoire,2022,16.024657534246575,,,43.25836,CIV
Croatia,2020,43.37226775956284,146.97385392812672,2.7216596442975205,0.20127815,HRV
Croatia,2021,40.754684931506844,351.47874707643837,6.053715626849315,57.8289,HRV
Croatia,2022,16.057753424657534,388.36833421342465,3.569258917972603,59.397327,HRV
Cuba,2020,60.607650273224046,2.9110407151790634,0.03611713093663912,,CUB
Cuba,2021,68.03665753424657,236.2950167852055,2.025596755041096,94.4767,CUB
Cuba,2022,15.358849315068491,36.266282591369865,0.051525514630136986,96.921196,CUB
Cyprus,2020,53.17325136612022,65.46528594793388,0.3573976399449036,,CYP
Cyprus,2021,59.1714794520548,406.22631739178087,1.5266409109589043,68.15253,CYP
Cyprus,2022,22.921342465753423,1367.3691115068493,1.7830233523287673,71.35114,CYP
Czechia,2020,44.77726775956284,186.75955557058953,3.068363927415978,0.11128792,CZE
Czechia,2021,55.17043835616438,460.45435426849315,6.27457208078904,63.996635,CZE
Czechia,2022,18.499397260273973,529.4921023150686,1.493945730279452,65.375374,CZE
Democratic Republic of Congo,2020,44.392814207650275,0.47503233416253443,0.015899876044077135,,COD
Democratic Republic of Congo,2021,37.13482191780822,1.648593240758904,0.016963258093150687,0.25099668,COD
Democratic Republic of Congo,2022,30.74920547945205,0.42539249290410963,0.006341154956164384,8.931887,COD
Denmark,2020,46.365027322404366,75.24432133272727,0.5861618026446281,0.00018634905,DNK
Denmark,2021,46.20558904109589,288.90925613424656,0.9282642712876713,79.51294,DNK
Denmark,2022,13.531205479452053,1208.942138161644,2.10066204,80.39537,DNK
Djibouti,2020,46.225901639344265,14.10963239829201,0.14778289212121212,,DJI
Djibouti,2021,42.17846575342466,18.8125600329863,0.3084026192876712,3.3975873,DJI
Djibouti,2022,31.099890410958906,4.95853589079452,0.0,27.91555,DJI
Dominica,2020,37.04647540983606,3.956240658402204,0.0,,DMA
Dominica,2021,44.17087671232876,275.3374069232877,1.926296293150685,44.019928,DMA
Dominica,2022,38.31358904109589,366.652042739726,1.1065957397260273,49.358982,DMA
Dominican Republic,2020,63.242404371584705,41.59654922608816,0.590910941707989,,DOM
Dominican Republic,2021,60.448684931506854,60.423476994520556,0.4481342616712329,61.78221,DOM
Dominican Republic,2022,11.384027397260274,58.97246907465754,0.03366495810958905,65.00361,DOM
East Timor,2020,31.876420765027323,0.08852129206611571,0.0,,TLS
East Timor,2021,58.471589041095896,39.60230532021918,0.24410049430136985,48.416233,TLS
East Timor,2022,18.37539726027397,7.122932658410959,0.03201317961643836,64.18211,TLS
Ecuador,2020,58.88584699453552,34.96979068127577,2.167362575184573,,ECU
Ecuador,2021,59.49013698630137,51.383677851506846,3.01980250780274,79.80635,ECU
Ecuador,2022,24.811260273972604,76.69385256736986,0.350306928109589,85.929054,ECU
Egypt,2020,59.80661202185793,3.342528801446281,0.185320968707989,,EGY
Egypt,2021,44.260438356164386,6.035275610054795,0.34425914459452056,29.389805,EGY
Egypt,2022,25.70676712328767,3.1821650149397263,0.07480721314520548,47.711197,EGY
El Salvador,2020,63.59453551912568,20.16006370600551,0.5820801675206612,,SLV
El Salvador,2021,33.87361643835616,33.05871513808219,1.0888554356438356,71.39289,SLV
El Salvador,2022,26.699561643835615,34.91840743123288,0.1775497420821918,74.082214,SLV
Eritrea,2020,68.36699453551913,1.0116106169421488,0.0008079957300275482,,ERI
Eritrea,2021,66.73405479452055,5.4080148671232875,0.05946405808219178,,ERI
Eritrea,2022,50.84646575342465,1.7734752987671232,0.022499913972602738,,ERI
Estonia,2020,36.38357923497268,63.31774725454545,0.5794927768595041,0.1833207,EST
Estonia,2021,38.12265753424658,397.2897291945206,3.1332189906849317,62.374294,EST
Estonia,2022,21.536657534246576,745.576228109589,1.8243289021917808,64.332085,EST
Eswatini,2020,56.22385245901639,20.66588630046832,0.41810903184573006,,SWZ
Eswatini,2021,60.916356164383565,127.41563168936987,2.503898800520548,27.408503,SWZ
Eswatini,2022,28.589835616438354,18.40612841917808,0.2764627979178082,41.64191,SWZ
Ethiopia,2020,56.483743169398906,2.721242952060606,0.04214042074380165,,ETH
Ethiopia,2021,43.71717808219178,6.371360595616438,0.10942797106027397,7.4524198,ETH
Ethiopia,2022,34.879835616438356,1.8033546101780822,0.014115509065753424,34.38329,ETH
Faroe Islands,2020,33.12603825136612,30.994858044077137,0.0,,FRO
Faroe Islands,2021,35.904520547945204,261.6578054246575,0.7097867260273973,76.6798,FRO
Faroe Islands,2022,13.649616438356164,1464.6448983561643,0.7097867205479452,77.19425,FRO
Fiji,2020,50.17021857923497,0.1468154435261708,0.005992467217630854,,FJI
Fiji,2021,73.25720547945205,160.43923874219178,2.073951763561644,71.94169,FJI
Fiji,2022,38.654356164383564,44.2770823260274,0.5453062805479452,77.39116,FJI
Finland,2020,38.731502732240436,19.387560051187844,0.3140989402754821,,FIN
Finland,2021,42.45320547945205,160.8736152068493,0.6355782461917808,76.76482,FIN
Finland,2022,16.35619178082192,536.8698111178082,3.3633502866849314,81.2301,FIN
France,2020,54.293114754098355,100.21377527283195,2.722959555922865,0.003957608,FRA
France,2021,52.67824657534247,271.5825688219178,2.5843033038356165,80.31459,FRA
France,2022,19.813232876712327,1247.9989035616438,1.5984651884931507,82.44808,FRA
Gabon,2020,61.98169398907103,10.847018880798899,0.07253256950413223,,GAB
Gabon,2021,62.33534246575343,36.32341883252055,0.2524729552328767,9.041448,GAB
Gabon,2022,18.031232876712327,8.094914053315067,0.020288005698630138,12.796051,GAB
Gambia,2020,52.80792349726776,3.970578736225895,0.12956624862258956,,GMB
Gambia,2021,32.043150684931504,6.619472865068493,0.22757685205479453,9.977576,GMB
Gambia,2022,13.745287671232877,2.510619537123288,0.030135746986301372,20.811941,GMB
Georgia,2020,59.76256830601093,165.09548424198348,1.8185040385123967,,GEO
Georgia,2021,55.50580821917808,510.6658986,8.154672687041096,35.941353,GEO
Georgia,2022,15.238191780821916,631.7875130753424,2.240278821287671,43.59945,GEO
Germany,2020,51.8127868852459,54.390513730512396,1.5401021320936639,0.24608906,DEU
Germany,2021,61.240767123287675,174.44144668493152,2.303017499753425,74.63288,DEU
Germany,2022,19.051506849315068,984.8954893150686,1.5654510879452057,77.1402,DEU
Ghana,2020,42.53210382513661,4.57602835869146,0.027839777523415977,,GHA
Ghana,2021,42.841150684931506,7.525554581013699,0.08025164416986301,17.419489,GHA
Ghana,2022,42.37112328767123,2.060343213427397,0.01281050955890411,36.69228,GHA
Greece,2020,54.51363387978142,36.95818984253444,1.2387126383746556,0.022463426,GRC
Greece,2021,72.27019178082192,248.75179183561644,4.1633387071232875,71.734764,GRC
Greece,2022,30.84449315068493,1036.1842969863014,3.8076012191780824,76.1816,GRC
Greenland,2020,34.60631147540983,1.3278852892561983,0.0,,GRL
Greenland,2021,40.23791780821918,121.00693024657535,0.04891145205479452,72.20873,GRL
Greenland,2022,17.367287671232877,463.1914477260274,0.9782290410958903,73.60124,GRL
Guam,2020,56.86901639344263,118.88589961542701,2.01784181322314,,GUM
Guam,2021,51.27430136986301,136.37846096931509,2.471165144657534,,GUM
Guam,2022,22.99731506849315,574.6702749342465,2.3384851501369863,,GUM
Guatemala,2020,64.04510928961749,21.236721238414365,0.7457609301939059,,GTM
Guatemala,2021,53.606904109589046,75.14174082556164,1.7344451984547946,36.6164,GTM
Guatemala,2022,42.691616438356164,88.26129362712328,0.5980527911068493,49.61789,GTM
Guinea,2020,53.239098360655746,2.689525946181818,0.015876081663911846,,GIN
Guinea,2021,61.46356164383562,3.650203714591781,0.060427380432876716,14.420116,GIN
Guinea,2022,43.57789041095891,1.125898567950685,0.01481445448219178,43.31009,GIN
Guyana,2020,61.83040983606558,21.126246250688705,0.5498657961432507,,GUY
Guyana,2021,63.200794520547944,109.82738859178082,2.9576735506849317,49.961052,GUY
Guyana,2022,31.539835616438353,109.53062136438356,0.783600093150685,60.05126,GUY
Haiti,2020,45.094207650273226,2.3945066992892565,0.05651600819283746,,HTI
Haiti,2021,49.045452054794524,3.851086455989041,0.12789322116164384,1.0773668,HTI
Haiti,2022,38.30750684931507,1.8576669388876712,0.02072013071780822,3.46428,HTI
Honduras,2020,71.76928961748634,31.92566212345304,0.8190315612947658,,HND
Honduras,2021,84.02035616438356,67.71630996876713,1.9231514753296706,46.974564,HND
Honduras,2022,32.72901369863014,22.61478111027397,0.1667837813150685,61.57669,HND
Hong Kong,2020,55.32420765027322,,,,HKG
Hong Kong,2021,65.32454794520548,,,65.31368,HKG
Hong Kong,2022,53.58693150684931,,,92.53534,HKG
Hungary,2020,47.17297814207651,91.74308796600552,2.7129173555647386,,HUN
Hungary,2021,48.19843835616438,264.2039976076712,8.387810182383562,64.70327,HUN
Hungary,2022,14.228136986301369,262.93093010958904,2.6335500161643832,66.29646,HUN
Iceland,2020,39.40199453551913,41.59376296170799,0.2027904137741047,1.2816535,ISL
Iceland,2021,38.056876712328766,132.98585220547946,0.06482546958904109,75.77951,ISL
Iceland,2022,14.358794520547946,1318.1683032328767,1.0732216520547946,81.43955,ISL
India,2020,64.76655737704918,19.841720087152893,0.2874560724892562,,IND
India,2021,67.124,47.22871330904109,0.638775921339726,59.32558,IND
India,2022,41.686109589041095,18.965504959653845,0.09537566413369862,72.062874,IND
Indonesia,2020,55.06693989071038,7.342730495595041,0.21872148093939395,,IDN
Indonesia,2021,68.63630136986302,34.58203151054794,1.198312217950685,57.77088,IDN
Indonesia,2022,39.67134246575342,24.14286267586301,0.16230215103561646,73.010315,IDN
Iran,2020,48.179453551912566,37.50320609558402,1.6953715268677687,,IRN
Iran,2021,73.56334246575342,152.21849992328768,2.340438867260274,66.46118,IRN
Iran,2022,56.29797260273972,41.876157699589044,0.4012075972876712,72.732574,IRN
Iraq,2020,64.68051912568306,37.158171261289255,0.8006195024517906,,IRQ
Iraq,2021,70.81345205479452,93.18767991561643,0.7053446677260274,19.247728,IRQ
Iraq,2022,39.63019178082192,23.12213794912329,0.07584351273424658,25.715412,IRQ
Ireland,2020,56.54366120218579,48.25882232369146,1.2205276557851241,,IRL
Ireland,2021,58.55652054794521,355.4202358739726,2.048086647671233,77.03758,IRL
Ireland,2022,12.490301369863014,503.8266301972603,1.2905090650684932,80.38736,IRL
Israel,2020,58.047431693989076,126.99909350575757,1.0095505052892562,10.9007845,ISR
Israel,2021,51.76079452054794,289.61094738016436,1.4816499316712328,72.295845,ISR
Israel,2022,20.001534246575343,1017.7601777246576,1.1451712328356165,73.84477,ISR
Italy,2020,64.64532786885246,96.28104915851239,3.4010211477190087,0.068211354,ITA
Italy,2021,64.68709589041096,179.11602096054796,2.9246393425479456,81.32709,ITA
Italy,2022,27.48643835616438,881.7165180273972,2.1848746635068492,85.42384,ITA
Jamaica,2020,64.02325136612022,12.413019450688704,0.2930299344352617,,JAM
Jamaica,2021,73.64923287671233,77.96854135150684,2.0920789912328766,25.094341,JAM
Jamaica,2022,24.239424657534244,57.126879670410965,0.9618263467032966,29.70773,JAM
Japan,2020,32.56775956284153,5.075668306666667,0.07524112404958677,,JPN
Japan,2021,48.84783561643835,32.953710646,0.3283131926739726,80.97423,JPN
Japan,2022,39.68030136986301,599.9300981753424,0.8574412231863013,83.64811,JPN
Jordan,2020,58.290601092896175,71.72421966661157,0.9336701042148761,,JOR
Jordan,2021,50.423452054794524,187.04779269041094,2.143098012109589,38.484707,JOR
Jordan,2022,15.019945205479452,166.83233140273973,0.36558014994520543,42.83461,JOR
Kazakhstan,2020,64.04598360655737,27.561530790220385,0.3779959734159779,,KAZ
Kazakhstan,2021,66.76742465753425,119.19016755068493,2.116610954520548,44.85319,KAZ
Kazakhstan,2022,22.875397260273974,57.63983736230137,0.113638952630137,54.15273,KAZ
Kenya,2020,58.033060109289615,4.8874148513360876,0.08464660684573003,,KEN
Kenya,2021,56.08969863013699,9.897209514273973,0.18730292050958905,10.930856,KEN
Kenya,2022,40.50810958904109,2.5367451032136983,0.015755867271232876,26.199654,KEN
Kiribati,2020,19.348715846994537,0.0,0.0,,KIR
Kiribati,2021,27.13682191780822,0.0,0.0,45.593678,KIR
Kiribati,2022,29.111424657534247,72.01903902246576,0.27295845643835615,73.71381,KIR
Kosovo,2020,57.463442622950815,81.9430744862259,2.1198948198347107,,XKX
Kosovo,2021,52.047232876712336,175.89935754273972,2.6441199120547947,51.45196,XKX
Kosovo,2022,35.66509589041096,176.760530079726,0.338090118630137,52.776855,XKX
Kuwait,2020,65.68174863387978,90.21523346749312,0.5600261812672176,,KWT
Kuwait,2021,65.0757808219178,158.98839219643835,0.9163235019178082,72.65303,KWT
Kuwait,2022,14.822493150684931,147.0218637252055,0.06088924931506849,75.27644,KWT
Kyrgyzstan,2020,60.06754098360656,0.0,0.0,,KGZ
Kyrgyzstan,2021,48.945287671232876,27.134575827397263,0.3387341624657534,17.70198,KGZ
Kyrgyzstan,2022,29.0012602739726,7.705808422958905,0.06459581534246575,23.535107,KGZ
Laos,2020,34.96978142076503,0.014942127575757577,0.0,,LAO
Laos,2021,53.32117808219178,40.23830165189041,0.1348296120821918,49.5401,LAO
Laos,2022,50.16328767123287,38.67869987690411,0.10837111246575344,77.902405,LAO
Latvia,2020,40.644617486338795,53.20547833415978,0.9255673551515151,0.12407904,LVA
Latvia,2021,49.57482191780822,342.4171429315068,6.092458563287671,69.86081,LVA
Latvia,2022,16.232438356164383,1018.2110496986302,3.1984314605479454,71.565216,LVA
Lebanon,2020,60.66633879781421,85.35952507818182,0.692003150523416,,LBN
Lebanon,2021,64.71441095890411,260.23451183561644,3.6528141534246577,39.215828,LBN
Lebanon,2022,30.18454794520548,237.998559929863,0.7845514026575342,47.701817,LBN
Lesotho,2020,48.986010928961754,3.10534811261708,0.07712156746556474,,LSO
Lesotho,2021,57.27227397260274,32.44726547030137,0.7274419087123287,34.214203,LSO
Lesotho,2022,25.41476712328767,5.797963789342465,0.041944756,43.66291,LSO
Liberia,2020,53.416639344262286,0.9505221709641873,0.04562916539944903,,LBR
Liberia,2021,42.90098630136986,2.4117230227671236,0.10095584515068493,14.606265,LBR
Liberia,2022,39.65224657534247,0.7490108068219178,0.0035691460547945205,72.65189,LBR
Libya,2020,70.5172131147541,38.11053431752066,0.5563943523415978,,LBY
Libya,2021,63.24679452054794,109.32197892054795,1.6069399480547943,25.667875,LBY
Libya,2022,36.52597260273973,45.11682045479452,0.28103433994520544,31.959948,LBY
Liechtenstein,2020,43.42991803278689,155.67560574380164,3.0812985592286504,0.0,LIE
Liechtenstein,2021,46.876465753424654,283.24942262465754,1.7411447369863013,66.49296,LIE
Liechtenstein,2022,15.942493150684932,1045.592230849315,1.253624205479452,68.033455,LIE
Lithuania,2020,47.048114754098364,141.85319567305785,1.760317083553719,0.34629986,LTU
Lithuania,2021,46.80186301369863,368.978336499726,5.443615809260274,68.081696,LTU
Lithuania,2022,14.178054794520547,743.058907730137,2.027861169753425,69.45305,LTU
Luxembourg,2020,42.729207650273224,161.8488660077135,1.2017540917355372,0.19148496,LUX
Luxembourg,2021,46.043342465753426,241.15158271232877,1.4677515635616438,71.08347,LUX
Luxembourg,2022,22.981342465753425,1127.983847671233,1.3419442783561644,73.76182,LUX
Macao,2020,29.50928961748634,,,,MAC
Macao,2021,27.41317808219178,,,70.007385,MAC
Macao,2022,43.13065753424657,,,96.045204,MAC
Madagascar,2020,47.950710382513655,1.603261798939394,0.02362263355371901,,MDG
Madagascar,2021,47.57082191780822,2.931248567712329,0.06894937503835616,1.935138,MDG
Madagascar,2022,17.16558904109589,1.5726038503013697,0.03519478549589041,6.8994317,MDG
Malawi,2020,45.180628415300546,0.8666770090798898,0.025313236539944904,,MWI
Malawi,2021,41.52879452054795,9.021540681791782,0.28850815052054796,7.2570105,MWI
Malawi,2022,30.219260273972605,1.8837940512967033,0.04395553540273973,22.30105,MWI
Malaysia,2020,55.87286885245902,8.772504879110192,0.036762183236914596,,MYS
Malaysia,2021,70.62068493150684,209.0675334630137,2.449806887128767,75.04142,MYS
Malaysia,2022,21.076821917808218,179.09854017260275,0.42404148338630143,81.05689,MYS
Mali,2020,38.95928961748634,0.8392466343746556,0.03211798861707989,,MLI
Mali,2021,44.79865753424657,1.619780014810959,0.046191218789041096,3.803314,MLI
Mali,2022,28.688794520547944,1.4367962696219179,0.010093196909589042,14.320537,MLI
Malta,2020,45.752486338797816,65.79934872727273,1.1839293013774104,,MLT
Malta,2021,51.80452054794521,180.61026665753425,1.3797338290410959,84.17646,MLT
Malta,2022,22.130027397260275,356.86867353424657,1.7687565402739727,90.601746,MLT
Mauritania,2020,38.821693989071036,8.01815380245179,0.1921057260881543,,MRT
Mauritania,2021,37.49983561643836,15.151071854246576,0.2938846102739726,23.919506,MRT
Mauritania,2022,32.46643835616438,12.57709310282967,0.07529739512328767,43.05058,MRT
Mauritius,2020,29.822076502732237,1.137647503030303,0.021587239669421488,,MUS
Mauritius,2021,52.539589041095894,194.43786322904108,1.6659907295890413,73.42896,MUS
Mauritius,2022,20.569013698630137,431.7299004575342,0.5453114032876712,88.06074,MUS
Mexico,2020,57.39265027322404,32.04491748314601,3.162002014694215,0.019436587,MEX
Mexico,2021,49.1213698630137,54.080744952328764,3.327362562821918,63.6918,MEX
Mexico,2022,25.42287671232877,68.9506573809041,0.5895774849808219,75.55955,MEX
Moldova,2020,52.68349726775956,130.34803409118456,2.8182672559228648,,MDA
Moldova,2021,53.74821917808219,209.0303428290411,6.451904176164384,32.56255,MDA
Moldova,2022,17.024438356164385,198.8815923731507,1.4996463753424656,36.33076,MDA
Monaco,2020,50.12986338797814,51.34788096418733,0.2121813223140496,,MCO
Monaco,2021,38.832027397260276,303.86691526027397,2.461884657534247,74.13351,MCO
Monaco,2022,21.403616438356167,803.8405455616438,1.8991681643835618,,MCO
Mongolia,2020,58.9785519125683,0.9885093336639118,0.0008135879614325068,,MNG
Mongolia,2021,58.9547397260274,559.840224859726,1.6061228917534245,66.92185,MNG
Mongolia,2022,10.909013698630137,254.31196043972602,0.12136948912328765,67.12803,MNG
Morocco,2020,61.15478142076503,32.27434860106061,0.5427863340633609,,MAR
Morocco,2021,67.87468493150685,38.438295760273974,0.5496469462328767,65.98122,MAR
Morocco,2022,32.33715068493151,22.788073180493154,0.10642115991780822,67.012764,MAR
Mozambique,2020,51.811584699453554,1.5593608321983472,0.013919098573002754,,MOZ
Mozambique,2021,51.34980821917808,13.9044092646137,0.1536134603808219,26.438942,MOZ
Mozambique,2022,28.33309589041096,3.9280077317068494,0.019799440989041097,56.899666,MOZ
Myanmar,2020,62.4377868852459,6.3867899771515155,0.13744179138292012,,MMR
Myanmar,2021,72.99065753424658,20.702271218454793,0.8453089344219178,35.026752,MMR
Myanmar,2022,55.77849315068494,5.2417206915671235,0.011314275665753425,64.69381,MMR
Namibia,2020,43.54109289617487,22.815207386225897,0.19829362121212124,,NAM
Namibia,2021,45.70536986301369,118.42570113671233,3.2586574832876716,11.989405,NAM
Namibia,2022,16.68268493150685,20.396711975890412,0.4143245052054795,20.858936,NAM
Nepal,2020,65.92333333333333,24.15872592750964,0.2556851692782369,,NPL
Nepal,2021,51.94139726027397,52.35395477013698,0.8146681671616439,41.228348,NPL
Nepal,2022,35.65413698630137,15.910646562279451,0.03918446916712329,92.769035,NPL
Netherlands,2020,50.12950819672132,118.96626232341599,1.775420640909091,,NLD
Netherlands,2021,57.80901369863014,353.82766284931506,1.441596949589041,69.3349,NLD
Netherlands,2022,20.732438356164383,838.6334556712329,0.30848736575342467,70.25292,NLD
New Zealand,2020,36.521830601092894,0.9700355319008265,0.013420524655647382,,NZL
New Zealand,2021,44.594356164383555,6.373987474602739,0.01388086709589041,77.38601,NZL
New Zealand,2022,22.93632876712329,1091.091684450959,1.217245289890411,83.78845,NZL
Nicaragua,2020,12.465956284153005,1.9764817016528924,0.0675335444077135,,NIC
Nicaragua,2021,9.150684931506849,3.5551877389041096,0.021166678356164384,72.494446,NIC
Nicaragua,2022,12.381945205479452,0.7335067926027397,0.011397442191780821,91.634,NIC
Niger,2020,23.83106557377049,0.3491416423415978,0.010992301865013774,,NER
Niger,2021,26.534438356164383,0.4499467038739726,0.018725229287671234,2.0038853,NER
Niger,2022,13.679479452054796,0.23043938403287673,0.00432953281369863,23.98991,NER
Nigeria,2020,55.104562841530054,1.0687896448702479,0.015777041822038568,,NGA
Nigeria,2021,46.091945205479455,1.902232609471233,0.021510107681917807,4.620405,NGA
Nigeria,2022,21.107808219178082,0.306162985969863,0.0015346823528767125,32.42398,NGA
Norway,2020,41.72601092896175,25.13356924506887,0.22011119724517908,0.04438502,NOR
Norway,2021,50.286191780821916,173.27845949041094,0.48098875378082195,78.66158,NOR
Norway,2022,14.621780821917808,542.6246065772602,1.7281454178082192,79.66204,NOR
Oman,2020,63.46196721311475,74.96419216539945,0.8718324057300275,0.13775231,OMN
Oman,2021,56.8271506849315,102.38433887438356,1.7294769381369863,65.998795,OMN
Oman,2022,18.527561643835618,54.339516396164385,0.08398330723287671,69.33347,OMN
Pakistan,2020,54.506202185792354,5.394776963318182,0.11357246701267218,,PAK
Pakistan,2021,57.80989041095891,9.191840014520547,0.2121848476657534,39.795,PAK
Pakistan,2022,44.44375342465753,3.156690849567123,0.019269091320273973,63.465458,PAK
Palestine,2020,66.27729508196721,80.0165351862259,0.778891232369146,,PSE
Palestine,2021,70.87958904109588,163.29369746739727,1.7718217772328768,36.016876,PSE
Palestine,2022,17.807534246575344,120.2860930328767,0.40125489249315066,37.938984,PSE
Panama,2020,63.72071038251366,149.15917723225894,2.4620006212121215,,PAN
Panama,2021,66.15997260273973,157.35958099452054,2.1739632947671237,70.914825,PAN
Panama,2022,20.005534246575344,331.65702415068495,0.7109582069589041,79.949875,PAN
Papua New Guinea,2020,44.455983606557375,0.21059718052341597,0.002429967520661157,,PNG
Papua New Guinea,2021,57.256246575342466,9.508185434,0.15600835010958905,2.7826138,PNG
Papua New Guinea,2022,33.88632876712329,2.8258724251232876,0.021212839616438356,3.5762782,PNG
Paraguay,2020,62.2688524590164,43.24937576404959,0.9046281574104683,,PRY
Paraguay,2021,49.014986301369866,145.87845737671233,5.837326701123287,51.325222,PRY
Paraguay,2022,19.70498630136986,105.06863849095892,1.2417084797534248,58.802773,PRY
Peru,2020,67.37448087431694,83.15755872749311,7.658755064848485,,PER
Peru,2021,63.2287397260274,104.51319209315068,8.963268276712329,74.201645,PER
Peru,2022,30.20386301369863,177.33240229041095,1.276257835479452,90.33313,PER
Philippines,2020,65.82898907103825,11.422136241126722,0.2231136220289256,,PHL
Philippines,2021,72.81282191780822,57.007640899687665,1.0162755729890411,49.234962,PHL
Philippines,2022,36.78364383561644,29.299959992328766,0.3339905504739726,68.758026,PHL
Poland,2020,48.26822404371584,93.1102338921708,2.055544421011019,0.1240044,POL
Poland,2021,53.05386301369863,200.68821369158906,4.883092668846575,56.462822,POL
Poland,2022,18.031561643835616,161.24619129534247,1.5327469363808217,59.529346,POL
Portugal,2020,54.248333333333335,99.82393188758128,1.7705092922865013,,PRT
Portugal,2021,60.15832876712329,238.06385246575343,3.206800651232877,90.21306,PRT
Portugal,2022,16.66419178082192,1122.4775313424657,1.810778511232877,93.965195,PRT
Puerto Rico,2020,63.53792349726776,71.96171229035812,1.424597238016529,,PRI
Puerto Rico,2021,42.76734246575342,196.8798835210959,1.3888949753424658,,PRI
Puerto Rico,2022,21.14928767123288,695.7721586931507,1.906243562739726,,PRI
Qatar,2020,60.985956284153005,136.7864436185124,0.23334107256198347,,QAT
Qatar,2021,63.33397260273972,100.55978313972604,0.3523561104109589,81.60193,QAT
Qatar,2022,33.127890410958905,226.89555320821918,0.0644091802739726,98.53734,QAT
Romania,2020,51.81087431693989,90.2533120177135,2.2415969476859505,0.053681433,ROU
Romania,2021,62.24816438356165,168.56823410493152,6.163347707479452,28.562483,ROU
Romania,2022,18.890794520547942,214.59179528657532,1.2378726052328768,,ROU
Russia,2020,47.67319672131148,59.7836527472562,1.0789755062878787,0.03571922,RUS
Russia,2021,46.46487671232877,138.14728048219177,4.739496266849315,50.710438,RUS
Russia,2022,29.494712328767122,212.6314886931507,1.596863645890411,60.220646,RUS
Rwanda,2020,61.01737704918033,1.6648766346556474,0.017355077272727275,,RWA
Rwanda,2021,60.956575342465754,20.53295564369863,0.2534808855342466,55.892338,RWA
Rwanda,2022,39.189424657534246,4.499837708657534,0.02368229961643836,77.45192,RWA
San Marino,2020,41.63612021857924,193.89455774655647,4.764589278236914,,SMR
San Marino,2021,52.43898630136986,469.8325309095891,3.212530082191781,71.25143,SMR
San Marino,2022,15.242273972602739,1198.1131201506848,1.7668915452054792,77.2638,SMR
Saudi Arabia,2020,57.214234972677595,31.04553001909642,0.532036382831956,,SAU
Saudi Arabia,2021,53.47643835616439,16.418251825917807,0.22658373013698632,77.75234,SAU
Saudi Arabia,2022,25.991397260273974,23.123886968301367,0.05449590023835617,80.6852,SAU
Senegal,2020,41.08270491803279,2.9567610719228647,0.0627404570137741,,SEN
Senegal,2021,24.902794520547946,8.680432760671234,0.23096082605753424,7.457898,SEN
Senegal,2022,13.89,2.1776749480849316,0.012106817597260275,11.044179,SEN
Serbia,2020,49.39639344262296,135.88735206694213,1.2830544511019284,,SRB
Serbia,2021,44.48446575342466,388.1549666506849,3.842595234054795,48.727024,SRB
Serbia,2022,18.066219178082193,463.2624759726028,1.9473183460273973,49.38844,SRB
Seychelles,2020,31.871584699453553,4.959568702479339,0.0,,SYC
Seychelles,2021,70.9228219178082,536.0594488136986,2.749918224657534,65.59869,SYC
Seychelles,2022,35.38331506849315,557.9933202904109,1.003938394520548,68.35095,SYC
Sierra Leone,2020,35.8481693989071,0.8597156910192837,0.025295544793388428,,SLE
Sierra Leone,2021,50.260657534246576,1.456454361150685,0.015557580712328767,8.496403,SLE
Sierra Leone,2022,42.10942465753425,0.2571966000547945,0.0009957651923076924,52.17151,SLE
Singapore,2020,51.49060109289618,28.55757624862259,0.014140069972451791,0.010301089,SGP
Singapore,2021,49.17161643835616,107.08710338824658,0.3874485894794521,86.01441,SGP
Singapore,2022,30.077178082191782,931.9976267780821,0.4281816125753425,91.280426,SGP
Slovakia,2020,45.505874316939895,90.36930223498622,1.0761186335537192,,SVK
Slovakia,2021,52.952767123287664,331.47351309254793,7.256786580273973,46.13996,SVK
Slovakia,2022,18.46304109589041,509.30808503178076,2.0963938978082193,47.42935,SVK
Slovenia,2020,50.01825136612022,150.30823611349862,3.7521382176308538,0.54320306,SVN
Slovenia,2021,54.59109589041096,442.23415364383567,4.155121199726027,59.115955,SVN
Slovenia,2022,17.108438356164385,1093.1297405479452,3.512683491232877,59.84226,SVN
Solomon Islands,2020,31.130519125683062,0.05995833443526171,0.0,,SLB
Solomon Islands,2021,29.71021917808219,0.024553445479452055,0.0,23.041706,SLB
Solomon Islands,2022,48.84142465753424,75.7193173750685,0.5366681594520548,44.018948,SLB
Somalia,2020,34.65909836065573,0.7294855910027548,0.020117337228650136,,SOM
Somalia,2021,35.554630136986304,2.8961053955452054,0.18514267176986302,6.7584434,SOM
Somalia,2022,19.428109589041096,0.5814372429863014,0.004309222712328767,42.26765,SOM
South Africa,2020,54.4881693989071,45.8925155882011,1.2380226753801653,,ZAF
South Africa,2021,52.714438356164386,105.7342795449315,2.768256385772603,30.308092,ZAF
South Africa,2022,24.334136986301367,26.442584736602743,0.5053996016383562,38.42818,ZAF
South Korea,2020,49.42956284153006,3.230399984523416,0.04787984583471074,,KOR
South Korea,2021,51.27865753424657,30.39731303479452,0.24999182665753425,84.891335,KOR
South Korea,2022,21.521123287671234,1503.8673808438357,1.4098480812821919,86.44801,KOR
South Sudan,2020,53.13101092896175,0.8848481383746556,0.015997254435261708,,SSD
South Sudan,2021,45.307178082191776,3.004428198630137,0.017898298219178082,2.0620487,SSD
South Sudan,2022,22.535835616438355,0.6816268519178081,0.0004971749589041096,20.4342,SSD
Spain,2020,56.27215846994536,110.56224520833608,3.108220246628099,,ESP
Spain,2021,55.43775342465753,239.47428564383563,2.13726462,82.93133,ESP
Spain,2022,23.136,438.4868957534247,1.5848901928767123,86.4199,ESP
Sri Lanka,2020,47.475081967213114,5.223611742093664,0.025404483508287293,,LKA
Sri Lanka,2021,72.74479452054794,65.2623296539726,1.7726960393972604,70.03076,LKA
Sri Lanka,2022,33.44041095890411,10.15493879909589,0.2205221852328767,75.0768,LKA
Sudan,2020,50.11303278688524,1.4225025685454546,0.08707947176584022,,SDN
Sudan,2021,30.53090410958904,1.187855443038356,0.09853025387397261,5.634416,SDN
Sudan,2022,7.638520547945205,0.9315436393178083,0.09198376200273972,21.27148,SDN
Suriname,2020,58.92639344262295,26.95708097493113,0.5304771553719008,,SUR
Suriname,2021,72.94580821917809,201.94077340438355,4.69977324739726,41.969955,SUR
Suriname,2022,30.857424657534246,129.9142202120548,0.8968697334246576,42.9769,SUR
Sweden,2020,49.005874316939895,117.61766651677686,2.549579245261708,,SWE
Sweden,2021,46.225232876712326,229.4778383410411,1.4731402072054793,72.405205,SWE
Sweden,2022,14.803232876712327,353.7362614621918,1.818501342,74.11181,SWE
Switzerland,2020,42.28521857923497,141.35463843261158,2.358720124341598,0.07142711,CHE
Switzerland,2021,51.87835616438356,275.3661201150685,1.3689001387232878,67.861404,CHE
Switzerland,2022,14.894356164383561,949.0472850630136,0.6110660577808219,69.32696,CHE
Syria,2020,49.50674863387979,1.3912586660495867,0.08634045428099174,,SYR
Syria,2021,38.7774794520548,4.744537265150685,0.2669938072931507,5.319593,SYR
Syria,2022,24.220054794520546,0.8757494423945206,0.03293208276712329,14.152818,SYR
Taiwan,2020,24.031721311475412,,,,TWN
Taiwan,2021,40.87468493150685,,,79.900826,TWN
Taiwan,2022,24.676575342465757,,,93.20992,TWN
Tajikistan,2020,37.357185792349725,3.697091502479339,0.02434966973829201,,TJK
Tajikistan,2021,34.145041095890406,1.029997699410959,0.009417429356164382,36.432987,TJK
Tajikistan,2022,12.111150684931506,0.07883733687671232,0.0,52.169006,TJK
Tanzania,2020,23.23412568306011,0.02166843417355372,0.0008939825730027547,,TZA
Tanzania,2021,12.24427397260274,1.2191882208219178,0.030313532290410956,3.2141423,TZA
Tanzania,2022,9.367397260273972,0.5541956992054794,0.004572432106849315,48.20069,TZA
Thailand,2020,46.11893442622951,0.26436331617630854,0.004659547737569061,,THA
Thailand,2021,55.72676712328767,84.65484491983561,0.8263635174602739,71.66693,THA
Thailand,2022,27.03709589041096,95.49885633726026,0.4571982115890411,79.46643,THA
Togo,2020,46.830327868852464,1.0943829239779614,0.02060870655647383,,TGO
Togo,2021,47.96728767123288,8.003000010383563,0.054253540832876715,15.311084,TGO
Togo,2022,35.79227397260274,2.7669305558082193,0.012659159671232878,24.670172,TGO
Tonga,2020,40.206366120218576,0.0,0.0,,TON
Tonga,2021,46.01542465753425,0.02607946575342466,0.0,70.06844,TON
Tonga,2022,50.60887671232876,427.9900974876712,0.3129535863013699,83.0676,TON
Trinidad and Tobago,2020,59.431338797814206,13.133953283471074,0.23203562809917355,,TTO
Trinidad and Tobago,2021,72.47964383561644,153.28786944465753,4.943115727945205,47.613148,TTO
Trinidad and Tobago,2022,24.486876712328765,174.3625017260274,2.670271462191781,50.37612,TTO
Tunisia,2020,44.52767759562841,31.190276943388433,1.0501623734435261,,TUN
Tunisia,2021,61.21356164383562,133.0661770117808,4.734649859863014,56.844753,TUN
Tunisia,2022,42.37967123287671,95.33704832246575,0.8409519456986302,59.550266,TUN
Turkey,2020,54.57147540983607,69.43410026244628,0.6531818711735538,,TUR
Turkey,2021,55.527232876712326,228.07824171232878,1.934206311479452,65.37476,TUR
Turkey,2022,16.243287671232878,238.0045264780822,0.6078421582273973,66.554184,TUR
Turkmenistan,2020,40.80765027322404,0.0,0.0,,TKM
Turkmenistan,2021,61.148931506849316,0.0,0.0,0.44590762,TKM
Turkmenistan,2022,44.62293150684931,0.0,0.0,41.07772,TKM
Uganda,2020,62.574644808743166,2.0507127264187326,0.017700643429752066,,UGA
Uganda,2021,63.78145205479452,6.222138832082193,0.17331491923287673,17.658693,UGA
Uganda,2022,34.91298630136986,1.584674858543956,0.01928294979452055,39.877384,UGA
Ukraine,2020,53.141229508196716,66.3128449984022,1.025320766322314,,UKR
Ukraine,2021,55.13791780821918,174.73208996164382,5.156245710958904,35.843487,UKR
Ukraine,2022,16.175095890410958,114.10363756438356,1.0489360975068494,38.428192,UKR
United Arab Emirates,2020,50.40887978142077,55.43271293655647,0.17886552966942149,,ARE
United Arab Emirates,2021,51.08317808219178,148.03786932109588,0.4004428721917808,96.47895,ARE
United Arab Emirates,2022,31.200301369863016,76.8804826210959,0.04975442517808219,97.54937,ARE
United Kingdom,2020,56.9087431693989,103.5820251883168,3.7705222683512396,,GBR
United Kingdom,2021,57.815643835616434,437.1287626219178,3.355213597320548,75.95672,GBR
United Kingdom,2022,14.444301369863014,432.09377424383564,1.5810845322739726,78.91978,GBR
United States,2020,57.113907103825134,157.91322238257715,2.839271851123416,1.6309601,USA
United States,2021,56.41545205479452,272.3946845479452,3.7466010080273975,71.47303,USA
United States,2022,31.656520547945203,368.02051236712333,2.138364238423077,78.62796,USA
United States Virgin Islands,2020,38.73789617486339,64.75627639166667,0.7323179724517908,,VIR
United States Virgin Islands,2021,41.86317808219178,223.08306479452054,2.0899194739726026,,VIR
United States Virgin Islands,2022,31.753232876712328,465.92536833150683,1.2032869698630138,,VIR
Uruguay,2020,40.19680327868853,14.656493760220995,0.13648533278236913,,URY
Uruguay,2021,56.928438356164385,317.00275632876713,4.861895202802198,81.53132,URY
Uruguay,2022,15.255945205479453,486.1316509808219,1.1262978666301369,88.76978,URY
Uzbekistan,2020,50.81614754098361,0.000709620220385675,0.0,,UZB
Uzbekistan,2021,44.61241095890411,9.156950106849315,0.06743660512328767,51.68079,UZB
Uzbekistan,2022,20.527315068493152,3.9604891090410956,0.012232686547945204,60.917076,UZB
Vanuatu,2020,34.54833333333333,0.008799629752066116,0.0,,VUT
Vanuatu,2021,21.28394520547945,0.052508474520547944,0.0,32.679893,VUT
Vanuatu,2022,31.889643835616436,105.07821314630138,0.12251977808219179,46.26063,VUT
Venezuela,2020,68.01060109289618,11.020156687630854,0.0996941392892562,,VEN
Venezuela,2021,77.72904109589041,32.174502605753425,0.41756692707945203,65.19515,VEN
Venezuela,2022,19.82958904109589,10.313126162043837,0.04952538064657534,78.5355,VEN
Vietnam,2020,57.667158469945356,0.04023869225619835,0.0009672762314049587,,VNM
Vietnam,2021,69.14849315068493,47.543635844271236,0.8893881536465754,77.80397,VNM
Vietnam,2022,37.224575342465755,269.1853002780822,0.29661846696164385,90.44583,VNM
Yemen,2020,31.26087431693989,0.15142446168595042,0.04403633743526171,,YEM
Yemen,2021,31.49641095890411,0.5752131278739726,0.09841340893698629,0.868009,YEM
Yemen,2022,13.559068493150686,0.1303816420849315,0.012543588175342464,2.624627,YEM
Zambia,2020,38.31669398907104,2.797068811721763,0.052764566914600554,,ZMB
Zambia,2021,41.56734246575343,31.095236139068493,0.45460593602739724,4.002449,ZMB
Zambia,2022,15.472684931506851,11.555881628616437,0.03983239797260274,53.60432,ZMB
Zimbabwe,2020,61.067896174863385,2.3358200808264464,0.0617170817630854,,ZWE
Zimbabwe,2021,60.40520547945206,33.77595897482192,0.7905943987671232,25.666578,ZWE
Zimbabwe,2022,39.76106849315069,8.247278870219178,0.10911805561643835,40.063374,ZWE
