country,year,stringency_index_mean,cases_pm_mean,deaths_pm_mean,vax_end,iso3,gdp_growth,unemployment
Afghanistan,2020,41.48726775956284,3.552584409556474,0.1486070583360881,,AFG,-2.35110067203466,11.71
Afghanistan,2021,29.24221917808219,7.138411139942466,0.3488557609753425,10.2094,AFG,-20.7388393676343,11.994
Afghanistan,2022,11.415643835616438,3.3417100392082197,0.0332854442356164,28.240557,AFG,-6.24017199240269,14.1
Albania,2020,55.19612021857923,55.67485390867769,1.13987996261708,,ALB,-3.31375636888916,11.69
Albania,2021,48.59090410958904,147.03620969613698,1.9785305259452055,40.36923,ALB,8.96957619074095,11.474
Albania,2022,21.52254794520548,120.01890088372602,0.3720645104931507,47.469105,ALB,4.8268006234359,10.137
Algeria,2020,60.22428961748634,6.015824910272728,0.1666435158071625,,DZA,-4.99999999908597,14.057
Algeria,2021,59.29178082191781,7.152492790684932,0.2120578016383562,15.525818,DZA,3.79999999900707,13.63
Algeria,2022,25.554630136986304,3.203759660290411,0.0367486533315068,17.239624,DZA,3.60000000094915,12.346
Andorra,2020,38.21699453551913,275.85529184848485,2.902648661157025,,AND,-11.1839399355384,
Andorra,2021,49.39364383561644,520.2668313561644,1.9244958383561648,71.60508,AND,8.28677879049404,
Andorra,2022,12.836712328767122,846.4001364657535,0.6185879479452056,72.62863,AND,9.56461225648184,
Angola,2020,58.326912568306014,1.3476850204517905,0.0313091515096418,,AGO,-4.04244724639663,16.69
Angola,2021,58.863068493150685,4.563310529041096,0.1039457472410958,21.56703,AGO,2.10275251923413,15.799
Angola,2022,37.65684931506849,2.176402495791781,0.0133007501287671,42.06572,AGO,4.21600258475137,14.602
Argentina,2020,71.36551912568305,101.57810961833334,2.9285201414132227,0.09556706,ARG,-9.9004848136464,11.461
Argentina,2021,66.84098630136987,247.75138748164383,4.217779963136986,85.5029,ARG,10.4418119882506,8.736
Argentina,2022,19.028904109589043,248.0177095356165,0.7208931354465754,91.238914,ARG,6.02074537534855,6.805
Aruba,2020,45.16516393442623,137.31680420936638,1.2522842479338845,,ABW,-23.8979898352395,
Aruba,2021,42.77775342465753,349.1920529642857,3.355015531506849,78.62457,ABW,14.7306159219273,
Aruba,2022,26.78898630136986,631.3275039342466,2.516261695890411,83.63236,ABW,10.6364309604414,
Australia,2020,55.85450819672131,2.984031593911846,0.0967305249862258,,AUS,-0.133531904304775,6.456
Australia,2021,61.46345205479452,35.36685781789041,0.1592536449315068,78.028915,AUS,2.00694844335034,5.116
Australia,2022,24.249397260273973,1089.4656057534246,1.721884302520548,84.85075,AUS,4.25304559238732,3.728
Austria,2020,47.06521857923497,107.17500278090908,2.242531263636364,,AUT,-6.31825509209936,5.201
Austria,2021,61.62435616438356,275.60597831041093,2.816290578547945,73.99297,AUT,4.92309171717903,6.459
Austria,2022,38.7454794520548,1340.841135890411,1.4921685559178084,76.09498,AUT,5.33096379400371,4.992
Azerbaijan,2020,65.47890710382514,57.95360357198347,0.6890191743250689,,AZE,-4.19896065333343,7.24
Azerbaijan,2021,65.46446575342465,106.38388875780822,1.5357443007123288,50.211052,AZE,5.61644027150554,6.04
Azerbaijan,2022,49.016246575342464,55.87304385961643,0.4422815843835616,52.191284,AZE,4.71468033247649,5.65
Bahamas,2020,64.6264480874317,54.44614175977962,1.250779958563536,,BHS,-20.0893664891399,12.027
Bahamas,2021,62.12446575342466,114.53256897260272,3.769740376986301,39.502995,BHS,17.5861390037409,11.032
Bahamas,2022,30.10030136986301,89.69501135671233,0.7994330673972602,43.80594,BHS,10.8779009410268,9.272
Bahrain,2020,55.19174863387978,166.03910440385675,0.6323588329201102,3.8242276,BHR,-5.9113629524152,1.781
Bahrain,2021,44.102,337.63917213972604,1.861668728630137,78.459564,BHR,4.35004091668986,1.541
Bahrain,2022,14.037671232876711,741.8231767726027,0.2537014978082191,80.939445,BHR,6.18016125475185,1.326
Bangladesh,2020,66.01172131147541,8.351560153135813,0.1229371247432506,,BGD,3.44801755122445,5.436
Bangladesh,2021,64.03383561643835,17.339597035095892,0.3327975646656593,38.867336,BGD,6.93867912442445,5.327
Bangladesh,2022,19.83068493150685,7.304204699460273,0.0221267974235616,88.048386,BGD,7.09982877575158,4.593
Barbados,2020,45.27762295081968,3.6298485663911846,0.0683036011019283,,BRB,-14.3647119341564,9.777
Barbados,2021,64.18619178082191,271.11568905424656,2.4551602701369863,55.238663,BRB,-0.0967779613221893,9.433
Barbados,2022,34.072931506849315,749.2120685561644,2.9888907695890405,58.02553,BRB,17.2264626793379,8.365
Belarus,2020,24.91841530054645,57.76804172022038,0.424639146060606,0.0,BLR,-0.672742918585868,4.049
Belarus,2021,34.249013698630144,150.89722271780823,1.2385638638356165,47.486397,BLR,2.43886210234947,3.9
Belarus,2022,10.904575342465751,88.53536610958905,0.4650214607123287,70.18065,BLR,-4.65839591328999,3.574
Belgium,2020,51.53062841530054,152.6929209514325,4.646971121184573,0.0079454975,BEL,-4.7929839083518,5.545
Belgium,2021,50.11490410958904,341.5734209178082,2.042472253972603,76.790184,BEL,6.25445686466593,6.248
Belgium,2022,15.462109589041097,609.0921035835617,1.1771455443561645,79.53704,BEL,3.9562379757933,5.57
Belize,2020,58.01418032786885,72.97103994214876,1.6484833561983472,,BLZ,-13.5228997055506,10.784
Belize,2021,62.25578082191781,145.57096813479453,2.435235604945055,57.1397,BLZ,17.9899244143607,10.322
Belize,2022,23.75156164383561,258.714794010989,0.6190456441095891,62.5248,BLZ,9.25051329530994,8.763
Benin,2020,37.83986338797814,0.6508898103030303,0.0088093360330578,,BEN,3.84879240030133,1.502
Benin,2021,40.46769863013699,4.339316111780822,0.0232964701643835,12.353524,BEN,7.1554516457574,1.779
Benin,2022,18.200246575342465,0.5857967146027397,0.0003982302465753,26.870075,BEN,6.25294705373625,1.685
Bermuda,2020,45.5092349726776,25.305972782369142,0.4253104683195592,,BMU,-6.82757303480177,
Bermuda,2021,49.38994520547946,242.62132542465756,4.060608,71.317856,BMU,4.60742917109469,
Bermuda,2022,23.29172602739726,519.8847147123288,1.988006,74.9614,BMU,6.47622571186707,
Bhutan,2020,63.92814207650274,2.363529764738292,0.0,,BTN,-10.2183974208569,5.03
Bhutan,2021,58.23676712328766,6.981570220273972,0.0105249805479452,75.52134,BTN,4.42136738945015,4.803
Bhutan,2022,29.849753424657536,210.0470293169863,0.063149882739726,89.52455,BTN,5.21386783786224,5.947
Bolivia,2020,67.19986338797814,35.78620593429752,2.0837098466115704,,BOL,-12.7194690092717,7.903
Bolivia,2021,33.68230136986301,98.65472406849317,2.385347934849315,46.659164,BOL,10.0290488827886,5.089
Bolivia,2022,25.92835616438356,128.03159353808218,0.5991159219178083,60.949844,BOL,3.74741781241461,3.552
Bosnia and Herzegovina,2020,46.82188524590164,95.40177494669425,3.4813460133608816,,BIH,-3.01509335460439,15.868
Bosnia and Herzegovina,2021,38.78657534246575,153.43926548575342,8.01707883589041,27.541203,BIH,7.39164256472846,14.897
Bosnia and Herzegovina,2022,30.4173698630137,94.5687042660274,2.39879752739726,29.43689,BIH,4.22681333390325,12.657
Botswana,2020,50.905109289617485,16.526249557575756,0.0485501628099173,,BWA,-8.72888243996397,21.017
Botswana,2021,50.62016438356165,232.90469894794523,2.7050344238356163,47.91997,BWA,11.9162724376008,23.106
Botswana,2022,7.908027397260275,119.00130165232876,0.3750442139726027,69.14519,BWA,5.48601706446772,23.615
Brazil,2020,57.50562841530055,99.07557582329972,2.523944228403857,,BRA,-3.27675879612903,13.697
Brazil,2021,59.72449315068493,192.0386864368132,5.551404169643836,79.02541,BRA,4.7626043797061,13.158
Brazil,2022,28.373068493150686,182.884894579726,0.9759667046947944,89.65677,BRA,3.01669435408112,9.231
Brunei,2020,38.31950819672132,0.9497838608815428,0.0181487371900826,,BRN,1.1335733495246,7.409
Brunei,2021,52.79276712328768,92.15366644849315,0.3489529605479452,89.13289,BRN,-1.59076260099606,4.905
Brunei,2022,27.37901369863014,1532.5352700164383,0.523429445479452,98.90859,BRN,-1.62833154515108,5.191
Bulgaria,2020,41.0883606557377,79.6613782137741,2.874741580413223,0.06750796,BGR,-3.13323303076419,5.125
Bulgaria,2021,48.39558904109589,215.3365446794521,9.394166968219178,27.896008,BGR,7.82817232822165,5.267
Bulgaria,2022,19.00528767123288,219.44541052054797,3.013518724931507,30.834963,BGR,4.0838640915123,4.268
Burkina Faso,2020,31.35743169398907,0.8208517805592287,0.0104029224986225,,BFA,2.01077262406221,5.04
Burkina Faso,2021,19.65,1.3297550536027396,0.0283599932273972,4.319936,BFA,6.94252492572348,5.2
Burkina Faso,2022,10.447534246575342,0.5344580631671233,0.0093721866630136,19.399878,BFA,1.62673258211919,5.389
Burundi,2020,11.843879781420764,0.1691634482093664,0.0004136025344352,,BDI,0.306443809481593,1.03
Burundi,2021,16.0901095890411,6.114924570465754,0.0024680173150684,0.030102614,BDI,3.23707479823578,1.118
Burundi,2022,19.626821917808225,4.444899455342466,0.000205668109589,0.21425405,BDI,2.31770122223331,0.915
Cambodia,2020,44.175983606557374,0.0586141609862259,0.0,,KHM,-3.55572193406549,0.172
Cambodia,2021,71.0048493150685,19.13268263292055,0.4797226203205479,82.9113,KHM,3.08984284148661,0.396
Cambodia,2022,20.186465753424656,2.8804062478,0.0070079001643835,88.60723,KHM,5.12990110773977,0.231
Cameroon,2020,42.06560109289617,2.676584066793388,0.0446629045151515,,CMR,0.259932915907115,3.87
Cameroon,2021,31.25909589041096,8.211215527123288,0.1393025401808219,3.018561,CMR,3.33885747179505,3.973
Cameroon,2022,21.27191780821918,1.4204893358082191,0.011104544,11.698046,CMR,3.7367840056412,3.653
Canada,2020,55.79491803278688,40.240240245060775,1.0838683783608816,0.24771994,CAN,-5.03823343468899,9.657
Canada,2021,69.4129315068493,108.46803710301369,1.0362914088931507,81.77516,CAN,5.95052802804381,7.527
Canada,2022,25.710794520547942,168.69093606027397,1.3547578831785714,89.17345,CAN,4.18903628100851,5.279
Cape Verde,2020,58.27740437158469,62.50621092975207,0.5936314396694214,,CPV,-20.8052758990735,14.69
Cape Verde,2021,59.33367123287672,152.5759874449315,1.265097144931507,58.259163,CPV,7.03353010694514,13.976
Cape Verde,2022,26.833287671232878,118.40255053342464,0.3162742873972602,68.63569,CPV,15.843675684642,12.246
Central African Republic,2020,39.56453551912568,3.1438659872176307,0.0340432387327823,,CAF,0.899999996857062,6.196
Central African Republic,2021,16.270712328767125,3.5662390092602743,0.0204215019178082,7.357654,CAF,0.982919996264229,6.375
Central African Republic,2022,15.83227397260274,1.561707445205479,0.0064488952328767,38.93245,CAF,0.453901876447787,5.956
Chad,2020,54.58786885245902,0.3100332766942149,0.0156733239118457,,TCD,-0.393646583111035,1.707
Chad,2021,30.004575342465756,0.5379894554794521,0.0112823394520547,1.1121943,TCD,0.29344264815208,1.548
Chad,2022,24.29835616438356,0.2893326359178082,0.0019298738630136,20.31966,TCD,4.12969897676332,1.096
Chile,2020,65.16598360655738,85.37211297060607,2.3245391555922863,0.04422843,CHL,-6.14347479224092,10.934
Chile,2021,64.63060273972603,167.96357132054794,3.166239681780822,88.51766,CHL,11.3149204879049,9.281
Chile,2022,24.32643835616438,452.25369881095895,3.370251146575343,92.481575,CHL,2.15399356192458,8.249
China,2020,68.27338797814207,0.1868654350209366,0.0092550321355371,,CHN,2.34018843078414,5.0
China,2021,74.11605479452055,0.0680481420673972,0.00175128136,88.4076,CHN,8.57008513166322,4.55
China,2022,77.56400000000001,163.00367745943564,0.0900535402983561,91.72332,CHN,3.1341888719577,4.98
Colombia,2020,63.19469945355191,86.22458685220441,2.269329997247934,,COL,-7.18591413760859,15.983
Colombia,2021,61.00991780821918,186.59795367397265,4.620016151753425,74.12953,COL,10.8011981904878,13.898
Colombia,2022,27.75649315068493,63.88951853835616,0.6520213944493151,82.93569,COL,7.32827729427979,10.547
Congo,2020,52.01385245901639,2.9355341066391185,0.0456466194214876,,COG,-6.26777227963225,22.198
Congo,2021,45.12271232876713,6.73956454849315,0.1221165876164383,10.321049,COG,1.01507036990908,21.96
Congo,2022,33.43334246575343,1.7516563918406591,0.0077174051506849,11.52855,COG,1.47535613247133,20.108
Costa Rica,2020,54.3942349726776,90.42162885639118,1.1687661842975208,0.0010823014,CRI,-4.27335432161462,16.432
Costa Rica,2021,56.327260273972605,217.8948916123288,2.802392214684932,77.62919,CRI,7.93576224743147,15.139
Costa Rica,2022,19.1693698630137,321.2572301671233,0.9332321843561644,90.2645,CRI,4.55149177958398,11.325
Cote d'Ivoire,2020,38.86579234972678,,,,CIV,0.699728593494228,2.584
Cote d'Ivoire,2021,19.700410958904108,,,16.28812,CIV,7.06332910205232,2.63
Cote d'Ivoire,2022,16.024657534246575,,,43.25836,CIV,6.39988362720531,2.306
Croatia,2020,43.37226775956284,146.97385392812672,2.7216596442975205,0.20127815,HRV,-8.31086401501189,7.507
Croatia,2021,40.75468493150685,351.4787470764384,6.053715626849315,57.8289,HRV,12.6322190351024,7.608
Croatia,2022,16.057753424657534,388.3683342134247,3.569258917972603,59.397327,HRV,7.29445343642668,6.96
Cuba,2020,60.607650273224046,2.911040715179064,0.0361171309366391,,CUB,-10.9494359030206,2.24
Cuba,2021,68.03665753424657,236.2950167852055,2.025596755041096,94.4767,CUB,1.25448735650322,2.116
Cuba,2022,15.358849315068491,36.266282591369865,0.0515255146301369,96.921196,CUB,1.77465227724316,1.82
Cyprus,2020,53.17325136612022,65.46528594793388,0.3573976399449036,,CYP,-3.22063018637567,7.755
Cyprus,2021,59.1714794520548,406.22631739178087,1.5266409109589043,68.15253,CYP,11.3975590801512,7.513
Cyprus,2022,22.921342465753423,1367.369111506849,1.7830233523287673,71.35114,CYP,8.27372597293814,6.806
Czechia,2020,44.77726775956284,186.75955557058955,3.068363927415978,0.11128792,CZE,-5.30487955463876,2.55
Czechia,2021,55.17043835616438,460.4543542684932,6.27457208078904,63.996635,CZE,4.02901832055149,2.803
Czechia,2022,18.499397260273973,529.4921023150686,1.493945730279452,65.375374,CZE,2.8471706583814,2.224
Democratic Republic of Congo,2020,44.39281420765028,0.4750323341625344,0.0158998760440771,,COD,0.775427992354622,5.345
Democratic Republic of Congo,2021,37.13482191780822,1.648593240758904,0.0169632580931506,0.25099668,COD,6.42961005647355,5.28
Democratic Republic of Congo,2022,30.74920547945205,0.4253924929041096,0.0063411549561643,8.931887,COD,9.31116944064918,4.522
Denmark,2020,46.365027322404366,75.24432133272727,0.5861618026446281,0.00018634905,DNK,-1.78010601831291,5.637
Denmark,2021,46.20558904109589,288.90925613424656,0.9282642712876712,79.51294,DNK,6.50025445756295,5.043
Denmark,2022,13.531205479452051,1208.942138161644,2.10066204,80.39537,DNK,0.443832614908331,4.434
Djibouti,2020,46.225901639344265,14.10963239829201,0.1477828921212121,,DJI,1.2021151728969,27.713
Djibouti,2021,42.17846575342466,18.8125600329863,0.3084026192876712,3.3975873,DJI,4.40715667561153,27.668
Djibouti,2022,31.099890410958903,4.95853589079452,0.0,27.91555,DJI,5.16653702854374,26.307
Dominica,2020,37.04647540983606,3.956240658402204,0.0,,DMA,-15.7064024545862,
Dominica,2021,44.17087671232876,275.3374069232877,1.926296293150685,44.019928,DMA,5.37983838954712,
Dominica,2022,38.31358904109589,366.652042739726,1.106595739726027,49.358982,DMA,10.3968076616121,
Dominican Republic,2020,63.24240437158471,41.59654922608816,0.590910941707989,,DOM,-7.92905234231061,6.126
Dominican Republic,2021,60.44868493150685,60.42347699452056,0.4481342616712329,61.78221,DOM,14.0124289062207,7.702
Dominican Republic,2022,11.384027397260274,58.97246907465754,0.033664958109589,65.00361,DOM,5.23795652902595,5.504
East Timor,2020,31.876420765027323,0.0885212920661157,0.0,,TLS,31.7257429812373,2.782
East Timor,2021,58.471589041095896,39.60230532021918,0.2441004943013698,48.416233,TLS,5.36980163959615,2.344
East Timor,2022,18.37539726027397,7.122932658410959,0.0320131796164383,64.18211,TLS,-20.5224785561874,1.537
Ecuador,2020,58.88584699453552,34.96979068127577,2.167362575184573,,ECU,-9.24509619165865,6.127
Ecuador,2021,59.49013698630137,51.383677851506846,3.01980250780274,79.80635,ECU,9.42189269033631,4.552
Ecuador,2022,24.811260273972604,76.69385256736986,0.350306928109589,85.929054,ECU,5.86842354862311,3.761
Egypt,2020,59.80661202185793,3.342528801446281,0.185320968707989,,EGY,3.55016483786838,7.974
Egypt,2021,44.26043835616439,6.035275610054795,0.3442591445945205,29.389805,EGY,3.29064601202211,7.441
Egypt,2022,25.70676712328767,3.1821650149397263,0.0748072131452054,47.711197,EGY,6.58784560886967,7.344
El Salvador,2020,63.59453551912568,20.16006370600551,0.5820801675206612,,SLV,-7.893101359867,5.008
El Salvador,2021,33.87361643835616,33.05871513808219,1.0888554356438356,71.39289,SLV,11.9047617015957,4.327
El Salvador,2022,26.69956164383561,34.91840743123288,0.1775497420821918,74.082214,SLV,2.95461516549889,2.999
Eritrea,2020,68.36699453551913,1.0116106169421488,0.0008079957300275,,ERI,,6.088
Eritrea,2021,66.73405479452055,5.408014867123288,0.0594640580821917,,ERI,,6.177
Eritrea,2022,50.84646575342465,1.7734752987671232,0.0224999139726027,,ERI,,5.695
Estonia,2020,36.38357923497268,63.31774725454545,0.5794927768595041,0.1833207,EST,-2.88380751483778,6.956
Estonia,2021,38.12265753424658,397.2897291945206,3.133218990684932,62.374294,EST,8.25488044580031,6.178
Estonia,2022,21.536657534246576,745.576228109589,1.8243289021917808,64.332085,EST,-1.22616966587796,5.571
Eswatini,2020,56.22385245901639,20.66588630046832,0.41810903184573,,SWZ,-2.95183453409287,32.944
Eswatini,2021,60.916356164383565,127.41563168936987,2.503898800520548,27.408503,SWZ,4.23621913615419,34.153
Eswatini,2022,28.589835616438357,18.40612841917808,0.2764627979178082,41.64191,SWZ,0.386070835562705,35.359
Ethiopia,2020,56.483743169398906,2.721242952060606,0.0421404207438016,,ETH,6.05953089054807,3.994
Ethiopia,2021,43.71717808219178,6.371360595616438,0.1094279710602739,7.4524198,ETH,5.64153069257077,3.935
Ethiopia,2022,34.87983561643836,1.8033546101780824,0.0141155090657534,34.38329,ETH,5.32175988403378,3.409
Faroe Islands,2020,33.12603825136612,30.994858044077137,0.0,,FRO,-1.63732118017028,
Faroe Islands,2021,35.904520547945204,261.6578054246575,0.7097867260273973,76.6798,FRO,5.06636291600633,
Faroe Islands,2022,13.649616438356164,1464.6448983561645,0.7097867205479452,77.19425,FRO,3.86099981669155,
Fiji,2020,50.17021857923497,0.1468154435261708,0.0059924672176308,,FJI,-17.1835352599354,4.649
Fiji,2021,73.25720547945205,160.43923874219178,2.073951763561644,71.94169,FJI,-4.3459619989752,4.701
Fiji,2022,38.654356164383564,44.2770823260274,0.5453062805479452,77.39116,FJI,17.7451269773594,4.446
Finland,2020,38.73150273224044,19.387560051187844,0.3140989402754821,,FIN,-2.49103605535707,7.759
Finland,2021,42.45320547945205,160.8736152068493,0.6355782461917808,76.76482,FIN,2.67634641498897,7.617
Finland,2022,16.35619178082192,536.8698111178082,3.3633502866849314,81.2301,FIN,0.763041912763526,6.719
France,2020,54.29311475409836,100.21377527283197,2.722959555922865,0.003957608,FRA,-7.44064589948231,8.009
France,2021,52.67824657534247,271.5825688219178,2.5843033038356165,80.31459,FRA,6.88233783360239,7.874
France,2022,19.813232876712327,1247.9989035616438,1.598465188493151,82.44808,FRA,2.71676264185913,7.308
Gabon,2020,61.98169398907103,10.8470188807989,0.0725325695041322,,GAB,-1.83776106357656,21.27
Gabon,2021,62.33534246575343,36.32341883252055,0.2524729552328767,9.041448,GAB,1.46795731487489,21.218
Gabon,2022,18.031232876712327,8.094914053315067,0.0202880056986301,12.796051,GAB,3.03761449530657,20.399
Gambia,2020,52.80792349726776,3.970578736225895,0.1295662486225895,,GMB,0.591487287873974,5.892
Gambia,2021,32.043150684931504,6.619472865068493,0.2275768520547945,9.977576,GMB,5.25596878816744,6.269
Gambia,2022,13.745287671232877,2.510619537123288,0.0301357469863013,20.811941,GMB,5.49299823010114,6.076
Georgia,2020,59.76256830601093,165.09548424198348,1.8185040385123967,,GEO,-6.2904717853839,11.73
Georgia,2021,55.50580821917808,510.6658986,8.154672687041096,35.941353,GEO,10.6442336580969,11.791
Georgia,2022,15.238191780821916,631.7875130753424,2.240278821287671,43.59945,GEO,10.9585321385624,11.647
Germany,2020,51.8127868852459,54.3905137305124,1.540102132093664,0.24608906,DEU,-4.13191443239947,3.881
Germany,2021,61.24076712328768,174.44144668493152,2.303017499753425,74.63288,DEU,3.90999994204108,3.594
Germany,2022,19.051506849315068,984.8954893150686,1.5654510879452057,77.1402,DEU,1.8092581243061,3.12
Ghana,2020,42.53210382513661,4.57602835869146,0.0278397775234159,,GHA,0.513941670628171,3.313
Ghana,2021,42.84115068493151,7.525554581013699,0.080251644169863,17.419489,GHA,5.07646643533542,3.384
Ghana,2022,42.37112328767123,2.060343213427397,0.0128105095589041,36.69228,GHA,3.80484980952164,3.084
Greece,2020,54.51363387978142,36.95818984253444,1.2387126383746556,0.022463426,GRC,-9.19623149726978,15.899
Greece,2021,72.27019178082192,248.75179183561644,4.163338707123288,71.734764,GRC,8.65449786002131,14.656
Greece,2022,30.84449315068493,1036.1842969863014,3.8076012191780815,76.1816,GRC,5.52198580589408,12.426
Greenland,2020,34.60631147540983,1.3278852892561983,0.0,,GRL,0.250789762104304,
Greenland,2021,40.23791780821918,121.00693024657537,0.0489114520547945,72.20873,GRL,1.63409410992996,
Greenland,2022,17.367287671232877,463.1914477260274,0.9782290410958904,73.60124,GRL,2.00455580865604,
Guam,2020,56.86901639344263,118.885899615427,2.01784181322314,,GUM,-10.5188595714539,6.248
Guam,2021,51.27430136986301,136.37846096931509,2.471165144657534,,GUM,2.0581832574708,5.991
Guam,2022,22.99731506849315,574.6702749342465,2.3384851501369863,,GUM,5.09986426216793,5.454
Guatemala,2020,64.04510928961749,21.236721238414365,0.7457609301939059,,GTM,-1.78555175063326,2.955
Guatemala,2021,53.606904109589046,75.14174082556164,1.7344451984547946,36.6164,GTM,8.04170378184928,2.174
Guatemala,2022,42.69161643835616,88.26129362712328,0.5980527911068493,49.61789,GTM,4.18451817243695,3.051
Guinea,2020,53.23909836065575,2.689525946181818,0.0158760816639118,,GIN,4.70459096113575,6.018
Guinea,2021,61.46356164383562,3.650203714591781,0.0604273804328767,14.420116,GIN,5.5823328114905,5.827
Guinea,2022,43.57789041095891,1.125898567950685,0.0148144544821917,43.31009,GIN,3.97240784200721,5.267
Guyana,2020,61.83040983606558,21.126246250688705,0.5498657961432507,,GUY,43.479651716849,15.334
Guyana,2021,63.20079452054794,109.82738859178082,2.957673550684932,49.961052,GUY,20.0599975568418,14.557
Guyana,2022,31.539835616438356,109.53062136438356,0.783600093150685,60.05126,GUY,63.3346343654855,12.013
Haiti,2020,45.094207650273226,2.3945066992892565,0.0565160081928374,,HTI,-3.30550546965893,15.546
Haiti,2021,49.04545205479453,3.851086455989041,0.1278932211616438,1.0773668,HTI,-1.79823988931486,15.28
Haiti,2022,38.30750684931507,1.8576669388876712,0.0207201307178082,3.46428,HTI,-1.68198396897978,14.635
Honduras,2020,71.76928961748634,31.92566212345304,0.8190315612947658,,HND,-8.96508223267296,10.982
Honduras,2021,84.02035616438356,67.71630996876713,1.9231514753296703,46.974564,HND,12.5652843771279,8.506
Honduras,2022,32.72901369863014,22.61478111027397,0.1667837813150685,61.57669,HND,4.14356194013767,8.774
Hong Kong,2020,55.32420765027322,,,,HKG,-6.54480412699255,5.808
Hong Kong,2021,65.32454794520548,,,65.31368,HKG,6.45444409087024,5.174
Hong Kong,2022,53.58693150684931,,,92.53534,HKG,-3.68378414495199,4.318
Hungary,2020,47.17297814207651,91.74308796600552,2.7129173555647386,,HUN,-4.33872540024058,4.25
Hungary,2021,48.19843835616438,264.2039976076712,8.387810182383562,64.70327,HUN,7.22291580811137,4.045
Hungary,2022,14.228136986301369,262.93093010958904,2.6335500161643832,66.29646,HUN,4.15238057779229,3.609
Iceland,2020,39.40199453551913,41.59376296170799,0.2027904137741047,1.2816535,ISL,-6.64587816297836,5.478
Iceland,2021,38.056876712328766,132.98585220547946,0.064825469589041,75.77951,ISL,5.1805719742238,6.029
Iceland,2022,14.358794520547946,1318.1683032328767,1.0732216520547946,81.43955,ISL,8.82069395623492,3.789
India,2020,64.76655737704918,19.841720087152893,0.2874560724892562,,IND,-5.77772470686801,7.859
India,2021,67.124,47.22871330904109,0.638775921339726,59.32558,IND,9.68959249192875,6.38
India,2022,41.686109589041095,18.965504959653845,0.0953756641336986,72.062874,IND,7.60936497768895,4.822
Indonesia,2020,55.06693989071038,7.342730495595041,0.2187214809393939,,IDN,-2.06551182934165,4.255
Indonesia,2021,68.63630136986302,34.58203151054794,1.198312217950685,57.77088,IDN,3.70288562827751,3.827
Indonesia,2022,39.67134246575342,24.14286267586301,0.1623021510356164,73.010315,IDN,5.30719722664799,3.462
Iran,2020,48.179453551912566,37.50320609558402,1.6953715268677687,,IRN,4.44180865358672,9.687
Iran,2021,73.56334246575342,152.21849992328768,2.340438867260274,66.46118,IRN,4.13089685034471,9.282
Iran,2022,56.29797260273972,41.87615769958904,0.4012075972876712,72.732574,IRN,4.35281087521344,9.085
Iraq,2020,64.68051912568306,37.158171261289255,0.8006195024517906,,IRQ,-12.0367930931152,15.778
Iraq,2021,70.81345205479452,93.18767991561644,0.7053446677260274,19.247728,IRQ,1.50218070952037,16.173
Iraq,2022,39.63019178082192,23.12213794912329,0.0758435127342465,25.715412,IRQ,7.95904804992662,15.511
Ireland,2020,56.54366120218579,48.25882232369146,1.220527655785124,,IRL,7.15369505735335,5.623
Ireland,2021,58.55652054794521,355.4202358739726,2.048086647671233,77.03758,IRL,16.2581881158197,6.364
Ireland,2022,12.490301369863014,503.8266301972603,1.2905090650684932,80.38736,IRL,7.51113888415304,4.501
Israel,2020,58.04743169398908,126.99909350575756,1.0095505052892562,10.9007845,ISR,-2.02161548237589,4.169
Israel,2021,51.76079452054794,289.6109473801644,1.4816499316712328,72.295845,ISR,9.38837403354628,4.812
Israel,2022,20.001534246575343,1017.7601777246576,1.1451712328356165,73.84477,ISR,6.26326343841286,3.695
Italy,2020,64.64532786885246,96.2810491585124,3.4010211477190087,0.068211354,ITA,-8.86822122185345,9.164
Italy,2021,64.68709589041096,179.11602096054796,2.9246393425479456,81.32709,ITA,8.93106210800055,9.497
Italy,2022,27.48643835616438,881.7165180273972,2.184874663506849,85.42384,ITA,4.82117669913565,8.069
Jamaica,2020,64.02325136612022,12.413019450688704,0.2930299344352617,,JAM,-8.30441923583135,6.501
Jamaica,2021,73.64923287671233,77.96854135150684,2.092078991232877,25.094341,JAM,5.70467978309095,5.188
Jamaica,2022,24.239424657534244,57.126879670410965,0.9618263467032966,29.70773,JAM,6.43930323656186,4.083
Japan,2020,32.56775956284153,5.075668306666667,0.0752411240495867,,JPN,-4.16876457146743,2.809
Japan,2021,48.84783561643835,32.953710646,0.3283131926739726,80.97423,JPN,2.69657404187188,2.828
Japan,2022,39.68030136986301,599.9300981753424,0.8574412231863013,83.64811,JPN,0.941998775483285,2.6
Jordan,2020,58.290601092896175,71.72421966661157,0.933670104214876,,JOR,-1.10275188309046,19.213
Jordan,2021,50.42345205479453,187.04779269041092,2.143098012109589,38.484707,JOR,3.65564358999147,19.837
Jordan,2022,15.019945205479452,166.83233140273973,0.3655801499452054,42.83461,JOR,2.64743514912058,18.2
Kazakhstan,2020,64.04598360655737,27.561530790220385,0.3779959734159779,,KAZ,-2.49999999628,4.89
Kazakhstan,2021,66.76742465753425,119.19016755068492,2.116610954520548,44.85319,KAZ,4.29999999729456,5.546
Kazakhstan,2022,22.87539726027397,57.63983736230137,0.113638952630137,54.15273,KAZ,3.19999999970734,4.86
Kenya,2020,58.033060109289615,4.887414851336088,0.08464660684573,,KEN,-0.272766327438816,5.619
Kenya,2021,56.08969863013699,9.897209514273973,0.187302920509589,10.930856,KEN,7.59048947333467,5.693
Kenya,2022,40.50810958904109,2.5367451032136983,0.0157558672712328,26.199654,KEN,4.85998104287999,5.707
Kiribati,2020,19.348715846994537,0.0,0.0,,KIR,-1.46805538131593,
Kiribati,2021,27.13682191780822,0.0,0.0,45.593678,KIR,8.47973787138213,
Kiribati,2022,29.111424657534247,72.01903902246576,0.2729584564383561,73.71381,KIR,4.56632593100372,
Kosovo,2020,57.463442622950815,81.9430744862259,2.1198948198347107,,XKX,-5.34027547826166,
Kosovo,2021,52.047232876712336,175.89935754273972,2.6441199120547947,51.45196,XKX,10.7456560819583,
Kosovo,2022,35.66509589041096,176.760530079726,0.338090118630137,52.776855,XKX,4.27849895827543,
Kuwait,2020,65.68174863387978,90.21523346749312,0.5600261812672176,,KWT,-4.81731593381585,3.557
Kuwait,2021,65.0757808219178,158.98839219643835,0.9163235019178082,72.65303,KWT,1.67213054307859,3.002
Kuwait,2022,14.822493150684933,147.0218637252055,0.0608892493150684,75.27644,KWT,6.75866711966617,2.174
Kyrgyzstan,2020,60.06754098360656,0.0,0.0,,KGZ,-7.14897757727955,4.63
Kyrgyzstan,2021,48.94528767123288,27.134575827397263,0.3387341624657534,17.70198,KGZ,5.50700762671923,4.096
Kyrgyzstan,2022,29.0012602739726,7.705808422958905,0.0645958153424657,23.535107,KGZ,8.96750520041391,4.043
Laos,2020,34.96978142076503,0.0149421275757575,0.0,,LAO,0.503031829018681,2.361
Laos,2021,53.32117808219178,40.23830165189041,0.1348296120821918,49.5401,LAO,2.52835100486102,2.066
Laos,2022,50.16328767123287,38.67869987690411,0.1083711124657534,77.902405,LAO,2.70742652643155,1.209
Latvia,2020,40.6446174863388,53.20547833415978,0.9255673551515152,0.12407904,LVA,-3.46922750780554,8.098
Latvia,2021,49.57482191780822,342.4171429315068,6.092458563287671,69.86081,LVA,6.94254173062592,7.513
Latvia,2022,16.232438356164383,1018.2110496986302,3.1984314605479454,71.565216,LVA,1.90853419029801,6.815
Lebanon,2020,60.66633879781421,85.35952507818182,0.692003150523416,,LBN,-21.3998996914321,13.284
Lebanon,2021,64.71441095890411,260.23451183561644,3.6528141534246577,39.215828,LBN,-7.00123862514116,12.669
Lebanon,2022,30.18454794520548,237.998559929863,0.7845514026575342,47.701817,LBN,-0.621678970663112,11.6
Lesotho,2020,48.98601092896176,3.10534811261708,0.0771215674655647,,LSO,-8.15595785459911,18.399
Lesotho,2021,57.27227397260274,32.44726547030137,0.7274419087123287,34.214203,LSO,2.26670961833291,18.23
Lesotho,2022,25.41476712328767,5.797963789342465,0.041944756,43.66291,LSO,2.38778020186284,16.688
Liberia,2020,53.416639344262286,0.9505221709641872,0.045629165399449,,LBR,-2.98249127649473,4.109
Liberia,2021,42.90098630136986,2.411723022767124,0.1009558451506849,14.606265,LBR,4.98671283481617,3.845
Liberia,2022,39.65224657534247,0.7490108068219178,0.0035691460547945,72.65189,LBR,4.80810517290655,2.977
Libya,2020,70.5172131147541,38.11053431752066,0.5563943523415978,,LBY,-29.4552967282824,19.613
Libya,2021,63.24679452054794,109.32197892054796,1.6069399480547943,25.667875,LBY,28.2996823429147,19.641
Libya,2022,36.52597260273973,45.11682045479452,0.2810343399452054,31.959948,LBY,-8.29981811198795,19.282
Lithuania,2020,47.04811475409837,141.85319567305783,1.760317083553719,0.34629986,LTU,0.0428158336981426,8.487
Lithuania,2021,46.80186301369863,368.978336499726,5.443615809260274,68.081696,LTU,6.38001606179873,7.112
Lithuania,2022,14.178054794520548,743.058907730137,2.027861169753425,69.45305,LTU,2.53752574011534,5.955
Luxembourg,2020,42.72920765027322,161.8488660077135,1.2017540917355372,0.19148496,LUX,-0.510051634039826,6.766
Luxembourg,2021,46.04334246575343,241.1515827123288,1.4677515635616438,71.08347,LUX,6.9297342584233,5.571
Luxembourg,2022,22.981342465753425,1127.983847671233,1.3419442783561644,73.76182,LUX,-1.0974168968152,4.588
Macao,2020,29.50928961748634,,,,MAC,-54.4020925789353,2.566
Macao,2021,27.41317808219178,,,70.007385,MAC,22.4622020023362,2.229
Macao,2022,43.13065753424657,,,96.045204,MAC,-18.956941494497,2.482
Madagascar,2020,47.950710382513655,1.603261798939394,0.023622633553719,,MDG,-7.13767162064489,3.284
Madagascar,2021,47.57082191780822,2.931248567712329,0.0689493750383561,1.935138,MDG,4.65068343174309,3.487
Madagascar,2022,17.16558904109589,1.5726038503013695,0.0351947854958904,6.8994317,MDG,4.15609778386296,3.186
Malawi,2020,45.18062841530055,0.8666770090798898,0.0253132365399449,,MWI,0.793596429787286,5.728
Malawi,2021,41.52879452054795,9.021540681791782,0.2885081505205479,7.2570105,MWI,4.55829212016083,5.662
Malawi,2022,30.219260273972605,1.8837940512967035,0.0439555354027397,22.30105,MWI,0.921115069005936,5.037
Malaysia,2020,55.87286885245902,8.772504879110192,0.0367621832369145,,MYS,-5.45684658426701,4.54
Malaysia,2021,70.62068493150684,209.0675334630137,2.449806887128767,75.04142,MYS,3.31534954399166,4.64
Malaysia,2022,21.076821917808218,179.09854017260275,0.4240414833863014,81.05689,MYS,9.03173723044451,3.93
Mali,2020,38.95928961748634,0.8392466343746556,0.0321179886170798,,MLI,-1.16910834828603,3.528
Mali,2021,44.79865753424657,1.619780014810959,0.046191218789041,3.803314,MLI,3.10094124444834,3.966
Mali,2022,28.688794520547944,1.436796269621918,0.010093196909589,14.320537,MLI,3.70319027595568,2.387
Malta,2020,45.752486338797816,65.79934872727273,1.1839293013774104,,MLT,-3.45728276294712,4.347
Malta,2021,51.80452054794521,180.61026665753425,1.379733829041096,84.17646,MLT,13.4117042939322,3.394
Malta,2022,22.130027397260275,356.86867353424657,1.7687565402739729,90.601746,MLT,2.48309993837792,2.921
Mauritania,2020,38.82169398907104,8.01815380245179,0.1921057260881543,,MRT,-0.360657384151068,11.054
Mauritania,2021,37.49983561643836,15.151071854246576,0.2938846102739726,23.919506,MRT,0.742715486567747,11.144
Mauritania,2022,32.46643835616438,12.57709310282967,0.0752973951232876,43.05058,MRT,6.79600500489967,10.531
Mauritius,2020,29.82207650273224,1.137647503030303,0.0215872396694214,,MUS,-14.5465381490166,8.626
Mauritius,2021,52.53958904109589,194.43786322904108,1.6659907295890413,73.42896,MUS,3.40379866177662,7.719
Mauritius,2022,20.569013698630137,431.7299004575342,0.5453114032876712,88.06074,MUS,8.69306675264066,6.322
Mexico,2020,57.39265027322404,32.04491748314601,3.162002014694215,0.019436587,MEX,-8.35403458167995,4.44
Mexico,2021,49.1213698630137,54.08074495232877,3.327362562821918,63.6918,MEX,6.0484834621255,4.019
Mexico,2022,25.42287671232877,68.9506573809041,0.5895774849808219,75.55955,MEX,3.70975709163623,3.256
Moldova,2020,52.68349726775956,130.34803409118456,2.8182672559228648,,MDA,-8.27597831976949,1.186
Moldova,2021,53.74821917808219,209.0303428290411,6.451904176164384,32.56255,MDA,13.9299997889786,0.785
Moldova,2022,17.024438356164385,198.8815923731507,1.4996463753424656,36.33076,MDA,-4.6000000255323,0.897
Monaco,2020,50.12986338797814,51.34788096418733,0.2121813223140496,,MCO,-13.2391048292108,
Monaco,2021,38.83202739726028,303.866915260274,2.461884657534247,74.13351,MCO,22.2322155851208,
Monaco,2022,21.403616438356167,803.8405455616438,1.8991681643835616,,MCO,11.2662955198601,
Mongolia,2020,58.9785519125683,0.9885093336639118,0.0008135879614325,,MNG,-4.55775197583431,6.594
Mongolia,2021,58.9547397260274,559.840224859726,1.6061228917534245,66.92185,MNG,1.63676957736662,7.747
Mongolia,2022,10.909013698630137,254.311960439726,0.1213694891232876,67.12803,MNG,5.0327096366527,6.211
Morocco,2020,61.15478142076503,32.27434860106061,0.5427863340633609,,MAR,-7.17820744246774,11.223
Morocco,2021,67.87468493150685,38.43829576027397,0.5496469462328767,65.98122,MAR,8.15473889823681,10.576
Morocco,2022,32.33715068493151,22.788073180493157,0.1064211599178082,67.012764,MAR,1.81269242194809,9.494
Mozambique,2020,51.811584699453554,1.5593608321983472,0.0139190985730027,,MOZ,-1.21952250011192,3.921
Mozambique,2021,51.34980821917808,13.9044092646137,0.1536134603808219,26.438942,MOZ,2.37743572761507,4.053
Mozambique,2022,28.33309589041096,3.92800773170685,0.019799440989041,56.899666,MOZ,4.36445074432608,3.596
Myanmar,2020,62.4377868852459,6.386789977151516,0.1374417913829201,,MMR,-9.04834717984643,1.476
Myanmar,2021,72.99065753424658,20.702271218454797,0.8453089344219178,35.026752,MMR,-12.0163724829177,4.34
Myanmar,2022,55.77849315068494,5.241720691567124,0.0113142756657534,64.69381,MMR,4.0374934360085,3.057
Namibia,2020,43.54109289617487,22.815207386225897,0.1982936212121212,,NAM,-8.10140201443319,21.004
Namibia,2021,45.70536986301369,118.42570113671232,3.258657483287672,11.989405,NAM,3.60382919248703,20.922
Namibia,2022,16.68268493150685,20.39671197589041,0.4143245052054795,20.858936,NAM,5.3987247803654,19.695
Nepal,2020,65.92333333333333,24.15872592750964,0.2556851692782369,,NPL,-2.3696206292072,12.975
Nepal,2021,51.94139726027397,52.35395477013698,0.8146681671616439,41.228348,NPL,4.838149614115,12.186
Nepal,2022,35.65413698630137,15.910646562279451,0.0391844691671232,92.769035,NPL,5.6313145568451,10.844
Netherlands,2020,50.12950819672132,118.966262323416,1.775420640909091,,NLD,-3.86795333823223,3.82
Netherlands,2021,57.80901369863014,353.82766284931506,1.441596949589041,69.3349,NLD,6.2768306708326,4.209
Netherlands,2022,20.732438356164383,838.6334556712329,0.3084873657534246,70.25292,NLD,5.00723455159611,3.526
New Zealand,2020,36.521830601092894,0.9700355319008264,0.0134205246556473,,NZL,-0.307246896026541,4.595
New Zealand,2021,44.59435616438356,6.373987474602739,0.0138808670958904,77.38601,NZL,4.53540565716095,3.776
New Zealand,2022,22.93632876712329,1091.091684450959,1.217245289890411,83.78845,NZL,3.49638686458842,3.297
Nicaragua,2020,12.465956284153004,1.9764817016528924,0.0675335444077135,,NIC,-2.23654176262323,6.201
Nicaragua,2021,9.150684931506849,3.5551877389041096,0.0211666783561643,72.494446,NIC,10.454389484408,6.118
Nicaragua,2022,12.381945205479452,0.7335067926027397,0.0113974421917808,91.634,NIC,3.55029945613975,4.961
Niger,2020,23.83106557377049,0.3491416423415978,0.0109923018650137,,NER,3.55064109436891,0.594
Niger,2021,26.534438356164383,0.4499467038739726,0.0187252292876712,2.0038853,NER,1.38359636198477,0.78
Niger,2022,13.679479452054796,0.2304393840328767,0.0043295328136986,23.98991,NER,11.9000000000277,0.418
Nigeria,2020,55.10456284153005,1.068789644870248,0.0157770418220385,,NGA,-6.36889840510109,5.742
Nigeria,2021,46.091945205479455,1.902232609471233,0.0215101076819178,4.620405,NGA,1.10925253938163,5.45
Nigeria,2022,21.10780821917808,0.306162985969863,0.0015346823528767,32.42398,NGA,4.31882949523192,3.821
Norway,2020,41.72601092896175,25.13356924506887,0.220111197245179,0.04438502,NOR,-1.27817177234034,4.424
Norway,2021,50.28619178082192,173.27845949041094,0.4809887537808219,78.66158,NOR,3.90868676830634,4.359
Norway,2022,14.621780821917808,542.6246065772602,1.7281454178082192,79.66204,NOR,3.24622860260932,3.231
Oman,2020,63.46196721311475,74.96419216539945,0.8718324057300275,0.13775231,OMN,-3.37972052697999,2.94
Oman,2021,56.8271506849315,102.38433887438356,1.7294769381369863,65.998795,OMN,2.5821749892893,1.9
Oman,2022,18.527561643835615,54.33951639616439,0.0839833072328767,69.33347,OMN,7.98570728354278,3.3
Pakistan,2020,54.506202185792354,5.394776963318182,0.1135724670126721,,PAK,-1.27408744338709,6.127
Pakistan,2021,57.80989041095891,9.191840014520547,0.2121848476657534,39.795,PAK,6.51388575852702,6.338
Pakistan,2022,44.44375342465753,3.156690849567123,0.0192690913202739,63.465458,PAK,4.7781068690358,5.485
Palestine,2020,66.27729508196721,80.0165351862259,0.778891232369146,,PSE,-11.3184661065134,25.895
Palestine,2021,70.87958904109588,163.2936974673973,1.7718217772328768,36.016876,PSE,7.01198227592003,26.39
Palestine,2022,17.807534246575344,120.2860930328767,0.4012548924931506,37.938984,PSE,4.08276027347105,24.42
Panama,2020,63.72071038251366,149.15917723225894,2.462000621212121,,PAN,-17.8212299459324,14.663
Panama,2021,66.15997260273973,157.35958099452054,2.173963294767124,70.914825,PAN,16.4671248604202,10.177
Panama,2022,20.005534246575344,331.65702415068495,0.7109582069589041,79.949875,PAN,11.0385475261766,8.086
Papua New Guinea,2020,44.455983606557375,0.2105971805234159,0.0024299675206611,,PNG,-3.16743204434815,2.883
Papua New Guinea,2021,57.25624657534247,9.508185434,0.156008350109589,2.7826138,PNG,-0.511353418578196,3.003
Papua New Guinea,2022,33.88632876712329,2.825872425123288,0.0212128396164383,3.5762782,PNG,5.70758404238197,2.689
Paraguay,2020,62.2688524590164,43.24937576404959,0.9046281574104684,,PRY,-0.819785390945569,7.548
Paraguay,2021,49.014986301369866,145.87845737671233,5.837326701123287,51.325222,PRY,4.01673731776404,7.311
Paraguay,2022,19.70498630136986,105.06863849095892,1.2417084797534248,58.802773,PRY,0.176038366149214,6.755
Peru,2020,67.37448087431694,83.15755872749311,7.658755064848485,,PER,-10.9333065010382,7.179
Peru,2021,63.2287397260274,104.51319209315068,8.963268276712329,74.201645,PER,13.3626240903125,5.097
Peru,2022,30.20386301369863,177.33240229041095,1.276257835479452,90.33313,PER,2.8090335533015,3.85
Philippines,2020,65.82898907103825,11.422136241126722,0.2231136220289256,,PHL,-9.51829474045297,2.522
Philippines,2021,72.81282191780822,57.00764089968767,1.0162755729890411,49.234962,PHL,5.71473313185116,3.398
Philippines,2022,36.78364383561644,29.29995999232877,0.3339905504739726,68.758026,PHL,7.58098212785563,2.598
Poland,2020,48.26822404371584,93.1102338921708,2.055544421011019,0.1240044,POL,-2.03556882399977,3.155
Poland,2021,53.05386301369863,200.68821369158903,4.883092668846575,56.462822,POL,6.92718266052501,3.268
Poland,2022,18.031561643835616,161.24619129534247,1.5327469363808215,59.529346,POL,5.25545697386036,2.811
Portugal,2020,54.248333333333335,99.82393188758128,1.7705092922865011,,PRT,-8.20463159324387,6.801
Portugal,2021,60.15832876712329,238.06385246575343,3.206800651232877,90.21306,PRT,5.55875672070374,6.577
Portugal,2022,16.66419178082192,1122.4775313424657,1.810778511232877,93.965195,PRT,6.98584137580278,6.011
Puerto Rico,2020,63.53792349726776,71.96171229035812,1.424597238016529,,PRI,-4.1808743093346,8.89
Puerto Rico,2021,42.76734246575342,196.8798835210959,1.3888949753424658,,PRI,0.385222719529239,7.9
Puerto Rico,2022,21.14928767123288,695.7721586931507,1.906243562739726,,PRI,2.95709565499587,6.0
Qatar,2020,60.985956284153005,136.7864436185124,0.2333410725619834,,QAT,-3.55750284254954,0.14
Qatar,2021,63.33397260273972,100.55978313972604,0.3523561104109589,81.60193,QAT,1.62693587314129,0.14
Qatar,2022,33.127890410958905,226.8955532082192,0.0644091802739726,98.53734,QAT,4.18497018544697,0.13
Romania,2020,51.81087431693989,90.2533120177135,2.2415969476859505,0.053681433,ROU,-3.59802546034757,5.035
Romania,2021,62.24816438356165,168.56823410493152,6.163347707479452,28.562483,ROU,5.58735072538869,5.59
Romania,2022,18.890794520547946,214.5917952865753,1.2378726052328768,,ROU,4.18771305104109,5.614
Russia,2020,47.67319672131148,59.7836527472562,1.0789755062878787,0.03571922,RUS,-2.65365450102773,5.62
Russia,2021,46.46487671232877,138.14728048219175,4.739496266849315,50.710438,RUS,5.86649177292595,4.749
Russia,2022,29.49471232876712,212.6314886931507,1.596863645890411,60.220646,RUS,-1.43588213859842,3.867
Rwanda,2020,61.01737704918033,1.6648766346556474,0.0173550772727272,,RWA,-3.37368746369782,11.829
Rwanda,2021,60.95657534246576,20.53295564369863,0.2534808855342466,55.892338,RWA,10.8584320184896,15.775
Rwanda,2022,39.189424657534246,4.499837708657534,0.0236822996164383,77.45192,RWA,8.16120720872912,15.084
San Marino,2020,41.63612021857924,193.89455774655647,4.764589278236914,,SMR,-6.64791081780605,
San Marino,2021,52.43898630136986,469.8325309095891,3.212530082191781,71.25143,SMR,13.8977895076234,
San Marino,2022,15.24227397260274,1198.1131201506848,1.7668915452054792,77.2638,SMR,7.89844145767604,
Saudi Arabia,2020,57.2142349726776,31.04553001909642,0.532036382831956,,SAU,-3.80478901996312,7.66
Saudi Arabia,2021,53.47643835616439,16.418251825917807,0.2265837301369863,77.75234,SAU,6.51959698325419,6.621
Saudi Arabia,2022,25.99139726027397,23.123886968301367,0.0544959002383561,80.6852,SAU,12.0005874752929,5.589
Senegal,2020,41.08270491803279,2.9567610719228647,0.0627404570137741,,SEN,1.3420737726679,3.437
Senegal,2021,24.902794520547943,8.680432760671234,0.2309608260575342,7.457898,SEN,6.54400109964304,3.44
Senegal,2022,13.89,2.177674948084932,0.0121068175972602,11.044179,SEN,3.85043193735768,2.837
Serbia,2020,49.39639344262296,135.88735206694213,1.2830544511019284,,SRB,-0.950023991851594,9.011
Serbia,2021,44.48446575342466,388.1549666506849,3.842595234054795,48.727024,SRB,7.94905650472278,9.843
Serbia,2022,18.066219178082196,463.2624759726028,1.9473183460273973,49.38844,SRB,2.70347705543654,8.439
Seychelles,2020,31.871584699453557,4.959568702479339,0.0,,SYC,-11.7398608281732,
Seychelles,2021,70.9228219178082,536.0594488136986,2.749918224657534,65.59869,SYC,0.552281631207279,
Seychelles,2022,35.38331506849315,557.9933202904109,1.003938394520548,68.35095,SYC,12.7104688902836,
Sierra Leone,2020,35.8481693989071,0.8597156910192837,0.0252955447933884,,SLE,-1.2533490322766,3.508
Sierra Leone,2021,50.260657534246576,1.456454361150685,0.0155575807123287,8.496403,SLE,5.8968527047094,3.556
Sierra Leone,2022,42.10942465753425,0.2571966000547945,0.0009957651923076,52.17151,SLE,5.3135546141915,3.175
Singapore,2020,51.49060109289618,28.55757624862259,0.0141400699724517,0.010301089,SGP,-3.81470885510713,4.1
Singapore,2021,49.17161643835616,107.08710338824658,0.3874485894794521,86.01441,SGP,9.7568044629903,4.64
Singapore,2022,30.077178082191782,931.997626778082,0.4281816125753425,91.280426,SGP,4.10800021897151,3.591
Slovakia,2020,45.505874316939895,90.36930223498622,1.0761186335537192,,SVK,-2.58551241733207,6.719
Slovakia,2021,52.952767123287664,331.47351309254793,7.256786580273973,46.13996,SVK,5.6558588065555,6.894
Slovakia,2022,18.46304109589041,509.3080850317808,2.0963938978082197,47.42935,SVK,0.544591632137454,6.143
Slovenia,2020,50.01825136612022,150.30823611349862,3.7521382176308538,0.54320306,SVN,-4.08500094942896,4.971
Slovenia,2021,54.59109589041096,442.23415364383567,4.155121199726027,59.115955,SVN,8.41686457725321,4.744
Slovenia,2022,17.108438356164385,1093.1297405479452,3.512683491232877,59.84226,SVN,2.66850555542486,4.011
Solomon Islands,2020,31.130519125683065,0.0599583344352617,0.0,,SLB,-3.38125925839405,0.864
Solomon Islands,2021,29.71021917808219,0.024553445479452,0.0,23.041706,SLB,-0.227975292792024,0.884
Solomon Islands,2022,48.84142465753424,75.7193173750685,0.5366681594520548,44.018948,SLB,-2.58448361755723,1.483
Somalia,2020,34.65909836065573,0.7294855910027548,0.0201173372286501,,SOM,-2.76455696202532,19.413
Somalia,2021,35.554630136986304,2.8961053955452054,0.185142671769863,6.7584434,SOM,3.44719850031242,19.662
Somalia,2022,19.428109589041096,0.5814372429863014,0.0043092227123287,42.26765,SOM,2.71821202053759,19.05
South Africa,2020,54.4881693989071,45.8925155882011,1.2380226753801653,,ZAF,-6.1689177146757,29.217
South Africa,2021,52.71443835616439,105.7342795449315,2.768256385772603,30.308092,ZAF,4.85864865060148,34.007
South Africa,2022,24.334136986301367,26.442584736602743,0.5053996016383562,38.42818,ZAF,2.05813661692193,33.268
South Korea,2020,49.42956284153006,3.230399984523416,0.0478798458347107,,KOR,-0.700242317542106,3.931
South Korea,2021,51.27865753424657,30.39731303479452,0.2499918266575342,84.891335,KOR,4.61296795454287,3.639
South Korea,2022,21.521123287671237,1503.8673808438357,1.409848081282192,86.44801,KOR,2.72756456708991,2.857
South Sudan,2020,53.13101092896175,0.8848481383746556,0.0159972544352617,,SSD,,14.319
South Sudan,2021,45.307178082191776,3.004428198630137,0.017898298219178,2.0620487,SSD,,14.029
South Sudan,2022,22.535835616438355,0.6816268519178081,0.0004971749589041,20.4342,SSD,,12.545
Spain,2020,56.27215846994536,110.56224520833608,3.108220246628099,,ESP,-10.9400706350371,15.532
Spain,2021,55.43775342465753,239.47428564383563,2.13726462,82.93133,ESP,6.68314420473001,14.781
Spain,2022,23.136,438.4868957534247,1.5848901928767123,86.4199,ESP,6.37031712129601,12.917
Sri Lanka,2020,47.47508196721312,5.223611742093664,0.0254044835082872,,LKA,-4.62451503749502,5.364
Sri Lanka,2021,72.74479452054794,65.2623296539726,1.7726960393972604,70.03076,LKA,4.2074764951157,4.981
Sri Lanka,2022,33.44041095890411,10.15493879909589,0.2205221852328767,75.0768,LKA,-7.34919301306745,4.528
Sudan,2020,50.11303278688524,1.4225025685454546,0.0870794717658402,,SDN,-3.62980082410752,11.958
Sudan,2021,30.53090410958904,1.187855443038356,0.0985302538739726,5.634416,SDN,-1.8685204827207,11.044
Sudan,2022,7.638520547945205,0.9315436393178084,0.0919837620027397,21.27148,SDN,-0.957816591119183,7.53
Suriname,2020,58.92639344262295,26.95708097493113,0.5304771553719008,,SUR,-15.9751917148622,8.76
Suriname,2021,72.94580821917809,201.94077340438355,4.69977324739726,41.969955,SUR,-2.43538583612838,8.491
Suriname,2022,30.85742465753425,129.9142202120548,0.8968697334246576,42.9769,SUR,2.40622235601218,8.16
Sweden,2020,49.005874316939895,117.61766651677686,2.549579245261708,,SWE,-1.93379704032216,8.291
Sweden,2021,46.225232876712326,229.4778383410411,1.4731402072054791,72.405205,SWE,5.2258643028773,8.722
Sweden,2022,14.803232876712327,353.7362614621918,1.818501342,74.11181,SWE,1.25543620445816,7.392
Switzerland,2020,42.28521857923497,141.35463843261158,2.358720124341598,0.07142711,CHE,-2.14173712008038,4.817
Switzerland,2021,51.87835616438356,275.3661201150685,1.3689001387232878,67.861404,CHE,5.55962020605844,5.013
Switzerland,2022,14.89435616438356,949.0472850630136,0.6110660577808219,69.32696,CHE,3.04406102969423,4.122
Syria,2020,49.50674863387979,1.3912586660495867,0.0863404542809917,,SYR,-0.697154504235129,15.191
Syria,2021,38.7774794520548,4.744537265150685,0.2669938072931507,5.319593,SYR,1.85421590064124,14.877
Syria,2022,24.220054794520543,0.8757494423945206,0.0329320827671232,14.152818,SYR,0.732781301861365,13.268
Tajikistan,2020,37.357185792349725,3.697091502479339,0.024349669738292,,TJK,4.40000111553493,12.321
Tajikistan,2021,34.145041095890406,1.029997699410959,0.0094174293561643,36.432987,TJK,9.39999955037523,12.333
Tajikistan,2022,12.111150684931506,0.0788373368767123,0.0,52.169006,TJK,8.00000033846364,11.634
Tanzania,2020,23.23412568306011,0.0216684341735537,0.0008939825730027,,TZA,1.99196460647855,2.781
Tanzania,2021,12.24427397260274,1.2191882208219178,0.0303135322904109,3.2141423,TZA,4.32138429480482,2.821
Tanzania,2022,9.367397260273972,0.5541956992054794,0.0045724321068493,48.20069,TZA,4.56600576430955,2.588
Thailand,2020,46.11893442622951,0.2643633161763085,0.004659547737569,,THA,-6.05003846851622,1.099
Thailand,2021,55.72676712328767,84.65484491983561,0.8263635174602739,71.66693,THA,1.55216608426647,1.215
Thailand,2022,27.03709589041096,95.49885633726026,0.4571982115890411,79.46643,THA,2.58037874709827,0.94
Togo,2020,46.830327868852464,1.0943829239779614,0.0206087065564738,,TGO,2.16228657424364,2.225
Togo,2021,47.96728767123288,8.003000010383563,0.0542535408328767,15.311084,TGO,5.12890113701732,2.333
Togo,2022,35.79227397260274,2.76693055580822,0.0126591596712328,24.670172,TGO,6.29443692019429,1.965
Tonga,2020,40.206366120218576,0.0,0.0,,TON,1.80618735341196,2.699
Tonga,2021,46.01542465753425,0.0260794657534246,0.0,70.06844,TON,-0.934926303735025,2.111
Tonga,2022,50.60887671232876,427.9900974876712,0.3129535863013699,83.0676,TON,-2.12854452405193,2.302
Trinidad and Tobago,2020,59.431338797814206,13.133953283471074,0.2320356280991735,,TTO,-8.78879817831519,4.206
Trinidad and Tobago,2021,72.47964383561644,153.28786944465753,4.943115727945205,47.613148,TTO,-0.716740625909793,4.446
Trinidad and Tobago,2022,24.486876712328765,174.3625017260274,2.670271462191781,50.37612,TTO,0.86126082651883,4.383
Tunisia,2020,44.52767759562841,31.190276943388437,1.050162373443526,,TUN,-8.97512622934723,17.656
Tunisia,2021,61.21356164383562,133.0661770117808,4.734649859863014,56.844753,TUN,4.73603648206102,16.611
Tunisia,2022,42.37967123287671,95.33704832246576,0.8409519456986302,59.550266,TUN,2.75228761004381,15.3
Turkey,2020,54.57147540983607,69.43410026244628,0.6531818711735538,,TUR,1.80306247087255,13.148
Turkey,2021,55.527232876712326,228.0782417123288,1.934206311479452,65.37476,TUR,11.811094450607,11.969
Turkey,2022,16.243287671232878,238.0045264780822,0.6078421582273973,66.554184,TUR,5.44122511322401,10.465
Turkmenistan,2020,40.80765027322404,0.0,0.0,,TKM,5.900000048526,4.501
Turkmenistan,2021,61.14893150684932,0.0,0.0,0.44590762,TKM,6.20000001747076,4.459
Turkmenistan,2022,44.62293150684931,0.0,0.0,41.07772,TKM,6.19999993621698,4.109
Uganda,2020,62.574644808743166,2.0507127264187326,0.017700643429752,,UGA,2.95130642218098,3.831
Uganda,2021,63.78145205479452,6.222138832082193,0.1733149192328767,17.658693,UGA,3.53658034070898,3.422
Uganda,2022,34.91298630136986,1.584674858543956,0.0192829497945205,39.877384,UGA,4.58802192181773,2.886
Ukraine,2020,53.14122950819672,66.3128449984022,1.025320766322314,,UKR,-3.75281793983162,9.475
Ukraine,2021,55.13791780821918,174.73208996164382,5.156245710958904,35.843487,UKR,3.44562065945944,9.834
Ukraine,2022,16.175095890410958,114.10363756438356,1.0489360975068494,38.428192,UKR,-28.7585842155085,
United Arab Emirates,2020,50.40887978142077,55.43271293655647,0.1788655296694214,,ARE,-8.69342617885171,4.294
United Arab Emirates,2021,51.08317808219178,148.03786932109588,0.4004428721917808,96.47895,ARE,4.55278571242283,3.105
United Arab Emirates,2022,31.200301369863016,76.8804826210959,0.0497544251780821,97.54937,ARE,7.51448425801082,2.872
United Kingdom,2020,56.9087431693989,103.5820251883168,3.77052226835124,,GBR,-10.047896637362,4.472
United Kingdom,2021,57.815643835616434,437.1287626219178,3.355213597320548,75.95672,GBR,8.5431118453255,4.826
United Kingdom,2022,14.444301369863014,432.0937742438357,1.5810845322739726,78.91978,GBR,5.14970388522993,3.73
United States,2020,57.113907103825134,157.91322238257715,2.839271851123416,1.6309601,USA,-2.16302914036166,8.055
United States,2021,56.41545205479452,272.3946845479452,3.7466010080273975,71.47303,USA,6.05505293244555,5.349
United States,2022,31.656520547945203,368.0205123671233,2.138364238423077,78.62796,USA,2.51237531986017,3.65
United States Virgin Islands,2020,38.73789617486339,64.75627639166667,0.7323179724517908,,VIR,-1.61493817814787,15.191
United States Virgin Islands,2021,41.86317808219178,223.0830647945205,2.0899194739726026,,VIR,3.66760707873814,14.273
United States Virgin Islands,2022,31.753232876712328,465.9253683315068,1.2032869698630138,,VIR,-1.31123206333498,13.007
Uruguay,2020,40.19680327868853,14.656493760220997,0.1364853327823691,,URY,-7.35732706484723,10.413
Uruguay,2021,56.92843835616439,317.00275632876713,4.861895202802198,81.53132,URY,5.84427312558179,9.328
Uruguay,2022,15.255945205479453,486.1316509808219,1.1262978666301369,88.76978,URY,4.48622703072073,7.877
Uzbekistan,2020,50.81614754098361,0.0007096202203856,0.0,,UZB,1.56334277260515,5.293
Uzbekistan,2021,44.61241095890411,9.156950106849315,0.0674366051232876,51.68079,UZB,8.03468312640049,5.364
Uzbekistan,2022,20.527315068493152,3.960489109041096,0.0122326865479452,60.917076,UZB,6.00134232203442,4.49
Vanuatu,2020,34.54833333333333,0.0087996297520661,0.0,,VUT,-4.99249142889525,4.046
Vanuatu,2021,21.28394520547945,0.0525084745205479,0.0,32.679893,VUT,-1.55229489129462,4.766
Vanuatu,2022,31.88964383561644,105.07821314630138,0.1225197780821917,46.26063,VUT,5.18622862422562,5.143
Venezuela,2020,68.01060109289618,11.020156687630854,0.0996941392892562,,VEN,-29.9985699155957,7.53
Venezuela,2021,77.72904109589041,32.174502605753425,0.417566927079452,65.19515,VEN,0.955433428579269,7.037
Venezuela,2022,19.82958904109589,10.313126162043837,0.0495253806465753,78.5355,VEN,8.00091310654791,5.707
Vietnam,2020,57.66715846994536,0.0402386922561983,0.0009672762314049,,VNM,2.86541320912272,2.103
Vietnam,2021,69.14849315068493,47.54363584427124,0.8893881536465754,77.80397,VNM,2.55372852648131,2.385
Vietnam,2022,37.22457534246576,269.1853002780822,0.2966184669616438,90.44583,VNM,8.53750046755788,1.523
Yemen,2020,31.26087431693989,0.1514244616859504,0.0440363374352617,,YEM,,17.953
Yemen,2021,31.49641095890411,0.5752131278739726,0.0984134089369862,0.868009,YEM,,18.287
Yemen,2022,13.559068493150686,0.1303816420849315,0.0125435881753424,2.624627,YEM,,17.363
Zambia,2020,38.31669398907104,2.797068811721763,0.0527645669146005,,ZMB,-2.78505506545167,6.033
Zambia,2021,41.56734246575343,31.095236139068493,0.4546059360273972,4.002449,ZMB,6.23492204726448,5.199
Zambia,2022,15.472684931506851,11.555881628616437,0.0398323979726027,53.60432,ZMB,5.21122360356247,5.995
Zimbabwe,2020,61.067896174863385,2.3358200808264464,0.0617170817630854,,ZWE,-7.81695060188729,8.621
Zimbabwe,2021,60.40520547945206,33.77595897482192,0.7905943987671232,25.666578,ZWE,8.46801676808001,9.54
Zimbabwe,2022,39.76106849315069,8.247278870219178,0.1091180556164383,40.063374,ZWE,6.13926327570213,10.087
