iso3,year,gdp_growth,unemployment
ABW,2020,-23.8979898352395,
ABW,2021,14.7306159219273,
ABW,2022,10.6364309604414,
AFE,2020,-2.81757208724623,8.19139491127414
AFE,2021,4.57877206871177,8.57738499231761
AFE,2022,3.72271692296214,7.98520225155097
AFG,2020,-2.35110067203466,11.71
AFG,2021,-20.7388393676343,11.994
AFG,2022,-6.24017199240269,14.1
AFW,2020,-3.73062984236253,4.8523927005513
AFW,2021,2.54969083217036,4.73673176237333
AFW,2022,4.47279468511532,3.65857318082157
AGO,2020,-4.04244724639663,16.69
AGO,2021,2.10275251923413,15.799
AGO,2022,4.21600258475137,14.602
ALB,2020,-3.31375636888916,11.69
ALB,2021,8.96957619074095,11.474
ALB,2022,4.8268006234359,10.137
AND,2020,-11.1839399355384,
AND,2021,8.28677879049404,
AND,2022,9.56461225648184,
ARB,2020,-5.30102786914752,11.3256125416623
ARB,2021,4.43160883511413,10.8896587837575
ARB,2022,7.00775934349392,9.9535706462442
ARE,2020,-8.69342617885171,4.294
ARE,2021,4.55278571242283,3.105
ARE,2022,7.51448425801082,2.872
ARG,2020,-9.9004848136464,11.461
ARG,2021,10.4418119882506,8.736
ARG,2022,6.02074537534855,6.805
ARM,2020,-7.19999999920631,18.175
ARM,2021,5.80000000065645,15.469
ARM,2022,12.5999999997766,13.379
ASM,2020,4.41176470588236,
ASM,2021,-0.782472613458523,
ASM,2022,1.73501577287065,
ATG,2020,-18.8687765208148,
ATG,2021,8.17286311186622,
ATG,2022,9.10780623385958,
AUS,2020,-0.133531904304775,6.456
AUS,2021,2.00694844335034,5.116
AUS,2022,4.25304559238732,3.728
AUT,2020,-6.31825509209936,5.201
AUT,2021,4.92309171717903,6.459
AUT,2022,5.33096379400371,4.992
AZE,2020,-4.19896065333343,7.24
AZE,2021,5.61644027150554,6.04
AZE,2022,4.71468033247649,5.65
BDI,2020,0.306443809481593,1.03
BDI,2021,3.23707479823578,1.118
BDI,2022,2.31770122223331,0.915
BEL,2020,-4.7929839083518,5.545
BEL,2021,6.25445686466593,6.248
BEL,2022,3.9562379757933,5.57
BEN,2020,3.84879240030133,1.502
BEN,2021,7.1554516457574,1.779
BEN,2022,6.25294705373625,1.685
BFA,2020,2.01077262406221,5.04
BFA,2021,6.94252492572348,5.2
BFA,2022,1.62673258211919,5.389
BGD,2020,3.44801755122445,5.436
BGD,2021,6.93867912442445,5.327
BGD,2022,7.09982877575158,4.593
BGR,2020,-3.13323303076419,5.125
BGR,2021,7.82817232822165,5.267
BGR,2022,4.0838640915123,4.268
BHR,2020,-5.9113629524152,1.781
BHR,2021,4.35004091668986,1.541
BHR,2022,6.18016125475185,1.326
BHS,2020,-20.0893664891399,12.027
BHS,2021,17.5861390037409,11.032
BHS,2022,10.8779009410268,9.272
BIH,2020,-3.01509335460439,15.868
BIH,2021,7.39164256472846,14.897
BIH,2022,4.22681333390325,12.657
BLR,2020,-0.672742918585868,4.049
BLR,2021,2.43886210234947,3.9
BLR,2022,-4.65839591328999,3.574
BLZ,2020,-13.5228997055506,10.784
BLZ,2021,17.9899244143607,10.322
BLZ,2022,9.25051329530994,8.763
BMU,2020,-6.82757303480177,
BMU,2021,4.60742917109469,
BMU,2022,6.47622571186707,
BOL,2020,-12.7194690092717,7.903
BOL,2021,10.0290488827886,5.089
BOL,2022,3.74741781241461,3.552
BRA,2020,-3.27675879612903,13.697
BRA,2021,4.7626043797061,13.158
BRA,2022,3.01669435408112,9.231
BRB,2020,-14.3647119341564,9.777
BRB,2021,-0.0967779613221893,9.433
BRB,2022,17.2264626793379,8.365
BRN,2020,1.1335733495246,7.409
BRN,2021,-1.59076260099606,4.905
BRN,2022,-1.62833154515108,5.191
BTN,2020,-10.2183974208569,5.03
BTN,2021,4.42136738945015,4.803
BTN,2022,5.21386783786224,5.947
BWA,2020,-8.72888243996397,21.017
BWA,2021,11.9162724376008,23.106
BWA,2022,5.48601706446772,23.615
CAF,2020,0.899999996857062,6.196
CAF,2021,0.982919996264229,6.375
CAF,2022,0.453901876447787,5.956
CAN,2020,-5.03823343468899,9.657
CAN,2021,5.95052802804381,7.527
CAN,2022,4.18903628100851,5.279
CEB,2020,-3.30111999071748,4.36148161141545
CEB,2021,6.57225386036488,4.46083553017949
CEB,2022,4.04227221314891,3.98390653964054
CHE,2020,-2.14173712008038,4.817
CHE,2021,5.55962020605844,5.013
CHE,2022,3.04406102969423,4.122
CHI,2020,-8.89677926591959,6.863
CHI,2021,9.93680136985076,6.875
CHI,2022,5.34196140375869,6.147
CHL,2020,-6.14347479224092,10.934
CHL,2021,11.3149204879049,9.281
CHL,2022,2.15399356192458,8.249
CHN,2020,2.34018843078414,5.0
CHN,2021,8.57008513166322,4.55
CHN,2022,3.1341888719577,4.98
CIV,2020,0.699728593494228,2.584
CIV,2021,7.06332910205232,2.63
CIV,2022,6.39988362720531,2.306
CMR,2020,0.259932915907115,3.87
CMR,2021,3.33885747179505,3.973
CMR,2022,3.7367840056412,3.653
COD,2020,0.775427992354622,5.345
COD,2021,6.42961005647355,5.28
COD,2022,9.31116944064918,4.522
COG,2020,-6.26777227963225,22.198
COG,2021,1.01507036990908,21.96
COG,2022,1.47535613247133,20.108
COL,2020,-7.18591413760859,15.983
COL,2021,10.8011981904878,13.898
COL,2022,7.32827729427979,10.547
COM,2020,-0.195577456821965,4.471
COM,2021,2.0001921183449,4.394
COM,2022,2.60301031927843,3.816
CPV,2020,-20.8052758990735,14.69
CPV,2021,7.03353010694514,13.976
CPV,2022,15.843675684642,12.246
CRI,2020,-4.27335432161462,16.432
CRI,2021,7.93576224743147,15.139
CRI,2022,4.55149177958398,11.325
CSS,2020,-9.0291630332097,9.86550041950631
CSS,2021,6.53181248270917,9.53894339285438
CSS,2022,14.8851030062619,8.38855235263485
CUB,2020,-10.9494359030206,2.24
CUB,2021,1.25448735650322,2.116
CUB,2022,1.77465227724316,1.82
CUW,2020,-18.4384703505393,
CUW,2021,4.18371193053579,
CUW,2022,6.90599999999999,
CYM,2020,-4.95480732200573,
CYM,2021,4.86941655353661,
CYM,2022,5.77566708028824,
CYP,2020,-3.22063018637567,7.755
CYP,2021,11.3975590801512,7.513
CYP,2022,8.27372597293814,6.806
CZE,2020,-5.30487955463876,2.55
CZE,2021,4.02901832055149,2.803
CZE,2022,2.8471706583814,2.224
DEU,2020,-4.13191443239947,3.881
DEU,2021,3.90999994204108,3.594
DEU,2022,1.8092581243061,3.12
DJI,2020,1.2021151728969,27.713
DJI,2021,4.40715667561153,27.668
DJI,2022,5.16653702854374,26.307
DMA,2020,-15.7064024545862,
DMA,2021,5.37983838954712,
DMA,2022,10.3968076616121,
DNK,2020,-1.78010601831291,5.637
DNK,2021,6.50025445756295,5.043
DNK,2022,0.443832614908331,4.434
DOM,2020,-7.92905234231061,6.126
DOM,2021,14.0124289062207,7.702
DOM,2022,5.23795652902595,5.504
DZA,2020,-4.99999999908597,14.057
DZA,2021,3.79999999900707,13.63
DZA,2022,3.60000000094915,12.346
EAP,2020,1.34522560098827,4.36073968094378
EAP,2021,7.71979646853708,4.12248591657027
EAP,2022,3.54811147025219,4.22329838547477
EAR,2020,-4.30295004163716,7.41080978209992
EAR,2021,7.50999857340686,6.78633395860379
EAR,2022,6.02119005770159,5.71415089065227
EAS,2020,-0.0574924656287692,4.28969803870281
EAS,2021,6.34482611371077,4.05434580285896
EAS,2022,2.9996184966993,4.08954331640933
ECA,2020,0.276088024593619,9.31305476539785
ECA,2021,9.28042104515383,9.00694262356147
ECA,2022,3.07901753477167,7.81152824791031
ECS,2020,-5.38089471565053,7.11145083106866
ECS,2021,6.79965905280595,6.90930078593098
ECS,2022,3.39087777130349,5.86004068753744
ECU,2020,-9.24509619165865,6.127
ECU,2021,9.42189269033631,4.552
ECU,2022,5.86842354862311,3.761
EGY,2020,3.55016483786838,7.974
EGY,2021,3.29064601202211,7.441
EGY,2022,6.58784560886967,7.344
EMU,2020,-6.05674425052126,7.82955559700518
EMU,2021,6.43713755486188,7.72235228907323
EMU,2022,3.6592192433758,6.75630041139587
ERI,2020,,6.088
ERI,2021,,6.177
ERI,2022,,5.695
ESP,2020,-10.9400706350371,15.532
ESP,2021,6.68314420473001,14.781
ESP,2022,6.37031712129601,12.917
EST,2020,-2.88380751483778,6.956
EST,2021,8.25488044580031,6.178
EST,2022,-1.22616966587796,5.571
ETH,2020,6.05953089054807,3.994
ETH,2021,5.64153069257077,3.935
ETH,2022,5.32175988403378,3.409
EUU,2020,-5.57888055659984,7.05350210339032
EUU,2021,6.37775013900981,7.0141845372126
EUU,2022,3.56155233245134,6.14902028996126
FCS,2020,-7.41318835322815,6.65180755643263
FCS,2021,1.53090680703163,6.77761944075494
FCS,2022,1.62071663646515,5.60917621194441
FIN,2020,-2.49103605535707,7.759
FIN,2021,2.67634641498897,7.617
FIN,2022,0.763041912763526,6.719
FJI,2020,-17.1835352599354,4.649
FJI,2021,-4.3459619989752,4.701
FJI,2022,17.7451269773594,4.446
FRA,2020,-7.44064589948231,8.009
FRA,2021,6.88233783360239,7.874
FRA,2022,2.71676264185913,7.308
FRO,2020,-1.63732118017028,
FRO,2021,5.06636291600633,
FRO,2022,3.86099981669155,
FSM,2020,-1.67294117647059,
FSM,2021,3.09969928290539,
FSM,2022,-2.90588999868474,
GAB,2020,-1.83776106357656,21.27
GAB,2021,1.46795731487489,21.218
GAB,2022,3.03761449530657,20.399
GBR,2020,-10.047896637362,4.472
GBR,2021,8.5431118453255,4.826
GBR,2022,5.14970388522993,3.73
GEO,2020,-6.2904717853839,11.73
GEO,2021,10.6442336580969,11.791
GEO,2022,10.9585321385624,11.647
GHA,2020,0.513941670628171,3.313
GHA,2021,5.07646643533542,3.384
GHA,2022,3.80484980952164,3.084
GIN,2020,4.70459096113575,6.018
GIN,2021,5.5823328114905,5.827
GIN,2022,3.97240784200721,5.267
GMB,2020,0.591487287873974,5.892
GMB,2021,5.25596878816744,6.269
GMB,2022,5.49299823010114,6.076
GNB,2020,2.89139814952995,2.89
GNB,2021,5.05055831244401,3.031
GNB,2022,5.52987253058352,2.666
GNQ,2020,-4.79108083383294,8.781
GNQ,2021,0.860269956382069,8.976
GNQ,2022,3.22350831658598,8.455
GRC,2020,-9.19623149726978,15.899
GRC,2021,8.65449786002131,14.656
GRC,2022,5.52198580589408,12.426
GRD,2020,-13.7566222572107,
GRD,2021,4.6977240232674,
GRD,2022,7.31023806981959,
GRL,2020,0.250789762104304,
GRL,2021,1.63409410992996,
GRL,2022,2.00455580865604,
GTM,2020,-1.78555175063326,2.955
GTM,2021,8.04170378184928,2.174
GTM,2022,4.18451817243695,3.051
GUM,2020,-10.5188595714539,6.248
GUM,2021,2.0581832574708,5.991
GUM,2022,5.09986426216793,5.454
GUY,2020,43.479651716849,15.334
GUY,2021,20.0599975568418,14.557
GUY,2022,63.3346343654855,12.013
HKG,2020,-6.54480412699255,5.808
HKG,2021,6.45444409087024,5.174
HKG,2022,-3.68378414495199,4.318
HND,2020,-8.96508223267296,10.982
HND,2021,12.5652843771279,8.506
HND,2022,4.14356194013767,8.774
HPC,2020,-0.0187133746473904,5.08466986799381
HPC,2021,4.3943156092006,4.99025451599025
HPC,2022,4.87387497765388,4.44664203690213
HRV,2020,-8.31086401501189,7.507
HRV,2021,12.6322190351024,7.608
HRV,2022,7.29445343642668,6.96
HTI,2020,-3.30550546965893,15.546
HTI,2021,-1.79823988931486,15.28
HTI,2022,-1.68198396897978,14.635
HUN,2020,-4.33872540024058,4.25
HUN,2021,7.22291580811137,4.045
HUN,2022,4.15238057779229,3.609
IBD,2020,-1.2820422988441,6.97182202204261
IBD,2021,7.62576674177033,6.33864692540996
IBD,2022,3.77001425774095,5.60126891405961
IBT,2020,-1.32167856256848,6.64356253032983
IBT,2021,7.35278447207351,6.17146922477733
IBT,2022,3.82613307769597,5.42368900893862
IDA,2020,-1.8099801648997,5.57685316149891
IDA,2021,3.97167918662413,5.63088102209668
IDA,2022,4.54563835706816,4.86219567413107
IDB,2020,-3.29396031642257,5.8479266368036
IDB,2021,4.29411724945791,5.83078658675916
IDB,2022,4.79819828416285,4.81132260612793
IDN,2020,-2.06551182934165,4.255
IDN,2021,3.70288562827751,3.827
IDN,2022,5.30719722664799,3.462
IDX,2020,-0.368060971666011,5.42444214786479
IDX,2021,3.66758077651031,5.51777492910716
IDX,2022,4.30600397002799,4.89088034774433
IMN,2020,-8.83681697473475,
IMN,2021,3.83783632334639,
IMN,2022,-4.16539345213232,
IND,2020,-5.77772470686801,7.859
IND,2021,9.68959249192875,6.38
IND,2022,7.60936497768895,4.822
IRL,2020,7.15369505735335,5.623
IRL,2021,16.2581881158197,6.364
IRL,2022,7.51113888415304,4.501
IRN,2020,4.44180865358672,9.687
IRN,2021,4.13089685034471,9.282
IRN,2022,4.35281087521344,9.085
IRQ,2020,-12.0367930931152,15.778
IRQ,2021,1.50218070952037,16.173
IRQ,2022,7.95904804992662,15.511
ISL,2020,-6.64587816297836,5.478
ISL,2021,5.1805719742238,6.029
ISL,2022,8.82069395623492,3.789
ISR,2020,-2.02161548237589,4.169
ISR,2021,9.38837403354628,4.812
ISR,2022,6.26326343841286,3.695
ITA,2020,-8.86822122185345,9.164
ITA,2021,8.93106210800055,9.497
ITA,2022,4.82117669913565,8.069
JAM,2020,-8.30441923583135,6.501
JAM,2021,5.70467978309095,5.188
JAM,2022,6.43930323656186,4.083
JOR,2020,-1.10275188309046,19.213
JOR,2021,3.65564358999147,19.837
JOR,2022,2.64743514912058,18.2
JPN,2020,-4.16876457146743,2.809
JPN,2021,2.69657404187188,2.828
JPN,2022,0.941998775483285,2.6
KAZ,2020,-2.49999999628,4.89
KAZ,2021,4.29999999729456,5.546
KAZ,2022,3.19999999970734,4.86
KEN,2020,-0.272766327438816,5.619
KEN,2021,7.59048947333467,5.693
KEN,2022,4.85998104287999,5.707
KGZ,2020,-7.14897757727955,4.63
KGZ,2021,5.50700762671923,4.096
KGZ,2022,8.96750520041391,4.043
KHM,2020,-3.55572193406549,0.172
KHM,2021,3.08984284148661,0.396
KHM,2022,5.12990110773977,0.231
KIR,2020,-1.46805538131593,
KIR,2021,8.47973787138213,
KIR,2022,4.56632593100372,
KNA,2020,-15.3018891740649,
KNA,2021,0.367606879216311,
KNA,2022,10.4804941546807,
KOR,2020,-0.700242317542106,3.931
KOR,2021,4.61296795454287,3.639
KOR,2022,2.72756456708991,2.857
KWT,2020,-4.81731593381585,3.557
KWT,2021,1.67213054307859,3.002
KWT,2022,6.75866711966617,2.174
LAC,2020,-6.54995286111402,10.2177163550783
LAC,2021,6.90270247216083,9.18066102897673
LAC,2022,3.94705326197962,6.86330650089905
LAO,2020,0.503031829018681,2.361
LAO,2021,2.52835100486102,2.066
LAO,2022,2.70742652643155,1.209
LBN,2020,-21.3998996914321,13.284
LBN,2021,-7.00123862514116,12.669
LBN,2022,-0.621678970663112,11.6
LBR,2020,-2.98249127649473,4.109
LBR,2021,4.98671283481617,3.845
LBR,2022,4.80810517290655,2.977
LBY,2020,-29.4552967282824,19.613
LBY,2021,28.2996823429147,19.641
LBY,2022,-8.29981811198795,19.282
LCA,2020,-24.3614732129122,25.224
LCA,2021,11.598783583643,20.514
LCA,2022,20.3884431828414,15.934
LCN,2020,-6.86063404728556,10.2142815871263
LCN,2021,7.06404255272612,9.15752046126518
LCN,2022,4.08489707535256,6.91530044010831
LDC,2020,-0.084161466625801,5.63912879862034
LDC,2021,2.8680415794319,5.75302416584841
LDC,2022,4.75099901471464,5.0884445684594
LKA,2020,-4.62451503749502,5.364
LKA,2021,4.2074764951157,4.981
LKA,2022,-7.34919301306745,4.528
LMY,2020,-1.12138803182505,6.69062566233473
LMY,2021,7.38651702793516,6.22573569680244
LMY,2022,3.99985001578578,5.48428671802243
LSO,2020,-8.15595785459911,18.399
LSO,2021,2.26670961833291,18.23
LSO,2022,2.38778020186284,16.688
LTE,2020,0.23606472189222,5.91814324936933
LTE,2021,7.59265524240509,5.49439716094102
LTE,2022,3.28700376545592,5.1820798343178
LTU,2020,0.0428158336981426,8.487
LTU,2021,6.38001606179873,7.112
LTU,2022,2.53752574011534,5.955
LUX,2020,-0.510051634039826,6.766
LUX,2021,6.9297342584233,5.571
LUX,2022,-1.0974168968152,4.588
LVA,2020,-3.46922750780554,8.098
LVA,2021,6.94254173062592,7.513
LVA,2022,1.90853419029801,6.815
MAC,2020,-54.4020925789353,2.566
MAC,2021,22.4622020023362,2.229
MAC,2022,-18.956941494497,2.482
MAF,2020,-12.500002246731,
MAF,2021,4.89999967133534,
MAR,2020,-7.17820744246774,11.223
MAR,2021,8.15473889823681,10.576
MAR,2022,1.81269242194809,9.494
MCO,2020,-13.2391048292108,
MCO,2021,22.2322155851208,
MCO,2022,11.2662955198601,
MDA,2020,-8.27597831976949,1.186
MDA,2021,13.9299997889786,0.785
MDA,2022,-4.6000000255323,0.897
MDG,2020,-7.13767162064489,3.284
MDG,2021,4.65068343174309,3.487
MDG,2022,4.15609778386296,3.186
MDV,2020,-32.9088287752921,5.434
MDV,2021,37.507870124321,5.024
MDV,2022,13.8260895184139,4.419
MEA,2020,-3.58499748950123,9.21442251170226
MEA,2021,5.03631361698847,9.02712223286196
MEA,2022,6.4465289217368,8.41864578048354
MEX,2020,-8.35403458167995,4.44
MEX,2021,6.0484834621255,4.019
MEX,2022,3.70975709163623,3.256
MHL,2020,-2.77288732394366,
MHL,2021,2.15938183019058,
MHL,2022,-0.700563926576777,
MIC,2020,-1.12103096286306,6.73502937586073
MIC,2021,7.46158157346058,6.23172076635192
MIC,2022,4.00728998415607,5.48416887610184
MKD,2020,-4.68845000956652,16.575
MKD,2021,4.51067949038222,15.801
MKD,2022,2.75888415332967,14.476
MLI,2020,-1.16910834828603,3.528
MLI,2021,3.10094124444834,3.966
MLI,2022,3.70319027595568,2.387
MLT,2020,-3.45728276294712,4.347
MLT,2021,13.4117042939322,3.394
MLT,2022,2.48309993837792,2.921
MMR,2020,-9.04834717984643,1.476
MMR,2021,-12.0163724829177,4.34
MMR,2022,4.0374934360085,3.057
MNA,2020,-2.63476856206411,9.84929376390015
MNA,2021,4.33216201656492,9.71798229506527
MNA,2022,4.32972249891917,9.14578482177534
MNE,2020,-14.9926187023533,17.878
MNE,2021,13.0462607426359,16.543
MNE,2022,7.73954689516201,14.851
MNG,2020,-4.55775197583431,6.594
MNG,2021,1.63676957736662,7.747
MNG,2022,5.0327096366527,6.211
MNP,2020,-29.0598290598291,
MNP,2021,4.96987951807229,
MNP,2022,16.6427546628408,
MOZ,2020,-1.21952250011192,3.921
MOZ,2021,2.37743572761507,4.053
MOZ,2022,4.36445074432608,3.596
MRT,2020,-0.360657384151068,11.054
MRT,2021,0.742715486567747,11.144
MRT,2022,6.79600500489967,10.531
MUS,2020,-14.5465381490166,8.626
MUS,2021,3.40379866177662,7.719
MUS,2022,8.69306675264066,6.322
MWI,2020,0.793596429787286,5.728
MWI,2021,4.55829212016083,5.662
MWI,2022,0.921115069005936,5.037
MYS,2020,-5.45684658426701,4.54
MYS,2021,3.31534954399166,4.64
MYS,2022,9.03173723044451,3.93
NAC,2020,-2.38862032137294,8.23059990715153
NAC,2021,6.0466919748077,5.59210979982087
NAC,2022,2.64058278650343,3.83303148633239
NAM,2020,-8.10140201443319,21.004
NAM,2021,3.60382919248703,20.922
NAM,2022,5.3987247803654,19.695
NCL,2020,-2.40000000000001,13.558
NCL,2021,-2.10000000000004,11.54
NCL,2022,3.50000000000006,10.71
NER,2020,3.55064109436891,0.594
NER,2021,1.38359636198477,0.78
NER,2022,11.9000000000277,0.418
NGA,2020,-6.36889840510109,5.742
NGA,2021,1.10925253938163,5.45
NGA,2022,4.31882949523192,3.821
NIC,2020,-2.23654176262323,6.201
NIC,2021,10.454389484408,6.118
NIC,2022,3.55029945613975,4.961
NLD,2020,-3.86795333823223,3.82
NLD,2021,6.2768306708326,4.209
NLD,2022,5.00723455159611,3.526
NOR,2020,-1.27817177234034,4.424
NOR,2021,3.90868676830634,4.359
NOR,2022,3.24622860260932,3.231
NPL,2020,-2.3696206292072,12.975
NPL,2021,4.838149614115,12.186
NPL,2022,5.6313145568451,10.844
NRU,2020,1.57480314960559,
NRU,2021,7.75193798449692,
NRU,2022,2.87769784172609,
NZL,2020,-0.307246896026541,4.595
NZL,2021,4.53540565716095,3.776
NZL,2022,3.49638686458842,3.297
OED,2020,-3.88927214744993,7.15060604516315
OED,2021,5.9755204126343,6.1932467809272
OED,2022,3.09501591343316,4.98748164975021
OMN,2020,-3.37972052697999,2.94
OMN,2021,2.5821749892893,1.9
OMN,2022,7.98570728354278,3.3
OSS,2020,-5.79748440207983,9.92399055106642
OSS,2021,8.00516977657277,9.44212639660639
OSS,2022,4.35703581894087,8.78777403836868
PAK,2020,-1.27408744338709,6.127
PAK,2021,6.51388575852702,6.338
PAK,2022,4.7781068690358,5.485
PAN,2020,-17.8212299459324,14.663
PAN,2021,16.4671248604202,10.177
PAN,2022,11.0385475261766,8.086
PER,2020,-10.9333065010382,7.179
PER,2021,13.3626240903125,5.097
PER,2022,2.8090335533015,3.85
PHL,2020,-9.51829474045297,2.522
PHL,2021,5.71473313185116,3.398
PHL,2022,7.58098212785563,2.598
PLW,2020,-6.87233152299699,
PLW,2021,-13.2600319305925,
PLW,2022,1.51267904038146,
PNG,2020,-3.16743204434815,2.883
PNG,2021,-0.511353418578196,3.003
PNG,2022,5.70758404238197,2.689
POL,2020,-2.03556882399977,3.155
POL,2021,6.92718266052501,3.268
POL,2022,5.25545697386036,2.811
PRE,2020,-4.07689259671025,5.96007768628016
PRE,2021,2.36174281983834,5.82347555930522
PRE,2022,4.67657631651602,5.002037370392
PRI,2020,-4.1808743093346,8.89
PRI,2021,0.385222719529239,7.9
PRI,2022,2.95709565499587,6.0
PRK,2020,,2.948
PRK,2021,,3.0
PRK,2022,,2.805
PRT,2020,-8.20463159324387,6.801
PRT,2021,5.55875672070374,6.577
PRT,2022,6.98584137580278,6.011
PRY,2020,-0.819785390945569,7.548
PRY,2021,4.01673731776404,7.311
PRY,2022,0.176038366149214,6.755
PSE,2020,-11.3184661065134,25.895
PSE,2021,7.01198227592003,26.39
PSE,2022,4.08276027347105,24.42
PSS,2020,-10.2494743524661,3.17937127710219
PSS,2021,-2.70502133423179,3.18377728754444
PSS,2022,8.46598449677872,3.26376412674194
PST,2020,-4.06542885568155,6.72755283833562
PST,2021,5.68828382614926,5.80367198892416
PST,2022,2.79274034092423,4.51723738560728
PYF,2020,-10.5738138632489,12.951
PYF,2021,3.36590242421546,12.531
PYF,2022,2.9373470716322,11.888
QAT,2020,-3.55750284254954,0.14
QAT,2021,1.62693587314129,0.14
QAT,2022,4.18497018544697,0.13
ROU,2020,-3.59802546034757,5.035
ROU,2021,5.58735072538869,5.59
ROU,2022,4.18771305104109,5.614
RUS,2020,-2.65365450102773,5.62
RUS,2021,5.86649177292595,4.749
RUS,2022,-1.43588213859842,3.867
RWA,2020,-3.37368746369782,11.829
RWA,2021,10.8584320184896,15.775
RWA,2022,8.16120720872912,15.084
SAS,2020,-4.98750173651176,7.61279541968533
SAS,2021,9.24659959728567,6.31491744065143
SAS,2022,7.10115392630797,4.86939303422721
SAU,2020,-3.80478901996312,7.66
SAU,2021,6.51959698325419,6.621
SAU,2022,12.0005874752929,5.589
SDN,2020,-3.62980082410752,11.958
SDN,2021,-1.8685204827207,11.044
SDN,2022,-0.957816591119183,7.53
SEN,2020,1.3420737726679,3.437
SEN,2021,6.54400109964304,3.44
SEN,2022,3.85043193735768,2.837
SGP,2020,-3.81470885510713,4.1
SGP,2021,9.7568044629903,4.64
SGP,2022,4.10800021897151,3.591
SLB,2020,-3.38125925839405,0.864
SLB,2021,-0.227975292792024,0.884
SLB,2022,-2.58448361755723,1.483
SLE,2020,-1.2533490322766,3.508
SLE,2021,5.8968527047094,3.556
SLE,2022,5.3135546141915,3.175
SLV,2020,-7.893101359867,5.008
SLV,2021,11.9047617015957,4.327
SLV,2022,2.95461516549889,2.999
SMR,2020,-6.64791081780605,
SMR,2021,13.8977895076234,
SMR,2022,7.89844145767604,
SOM,2020,-2.76455696202532,19.413
SOM,2021,3.44719850031242,19.662
SOM,2022,2.71821202053759,19.05
SRB,2020,-0.950023991851594,9.011
SRB,2021,7.94905650472278,9.843
SRB,2022,2.70347705543654,8.439
SSA,2020,-3.68262496685315,7.13766119717959
SSA,2021,3.54849305203753,7.34354021984689
SSA,2022,3.98372703715641,6.5221629747893
SSD,2020,,14.319
SSD,2021,,14.029
SSD,2022,,12.545
SSF,2020,-3.23642852363861,6.803309525677
SSF,2021,3.65270461847631,6.9876633959167
SSF,2022,4.06140756050381,6.19801853183662
SST,2020,-6.92604543465643,9.11283654873109
SST,2021,7.10866076587615,8.72082538333154
SST,2022,7.43586182979632,8.04039111683461
STP,2020,2.62485949543812,9.686
STP,2021,1.89929891337832,9.6
STP,2022,0.168698492216564,8.992
SUR,2020,-15.9751917148622,8.76
SUR,2021,-2.43538583612838,8.491
SUR,2022,2.40622235601218,8.16
SVK,2020,-2.58551241733207,6.719
SVK,2021,5.6558588065555,6.894
SVK,2022,0.544591632137454,6.143
SVN,2020,-4.08500094942896,4.971
SVN,2021,8.41686457725321,4.744
SVN,2022,2.66850555542486,4.011
SWE,2020,-1.93379704032216,8.291
SWE,2021,5.2258643028773,8.722
SWE,2022,1.25543620445816,7.392
SWZ,2020,-2.95183453409287,32.944
SWZ,2021,4.23621913615419,34.153
SWZ,2022,0.386070835562705,35.359
SXM,2020,-13.3167887221567,
SXM,2021,4.57759677933345,
SXM,2022,13.9,
SYC,2020,-11.7398608281732,
SYC,2021,0.552281631207279,
SYC,2022,12.7104688902836,
SYR,2020,-0.697154504235129,15.191
SYR,2021,1.85421590064124,14.877
SYR,2022,0.732781301861365,13.268
TCA,2020,-33.8170973434652,
TCA,2021,29.6293781722414,
TCA,2022,14.0871234168153,
TCD,2020,-0.393646583111035,1.707
TCD,2021,0.29344264815208,1.548
TCD,2022,4.12969897676332,1.096
TEA,2020,1.34509522212088,4.38272643965065
TEA,2021,7.71948799394286,4.13976979107785
TEA,2022,3.54808390633295,4.24554875686717
TEC,2020,-1.45793346533829,7.23984099845427
TEC,2021,7.5909039335849,6.82993701862492
TEC,2022,1.95197902081506,5.68131119463324
TGO,2020,2.16228657424364,2.225
TGO,2021,5.12890113701732,2.333
TGO,2022,6.29443692019429,1.965
THA,2020,-6.05003846851622,1.099
THA,2021,1.55216608426647,1.215
THA,2022,2.58037874709827,0.94
TJK,2020,4.40000111553493,12.321
TJK,2021,9.39999955037523,12.333
TJK,2022,8.00000033846364,11.634
TKM,2020,5.900000048526,4.501
TKM,2021,6.20000001747076,4.459
TKM,2022,6.19999993621698,4.109
TLA,2020,-6.78294271787128,10.3522494542699
TLA,2021,7.26349029603928,9.27350464000943
TLA,2022,4.11782588294029,6.99769011843402
TLS,2020,31.7257429812373,2.782
TLS,2021,5.36980163959615,2.344
TLS,2022,-20.5224785561874,1.537
TMN,2020,-2.56591730467834,9.75371979626131
TMN,2021,4.3128229659946,9.6131462683231
TMN,2022,4.33155082949985,9.0450147693182
TON,2020,1.80618735341196,2.699
TON,2021,-0.934926303735025,2.111
TON,2022,-2.12854452405193,2.302
TSA,2020,-4.98750173651176,7.61279541968533
TSA,2021,9.24659959728567,6.31491744065143
TSA,2022,7.10115392630797,4.86939303422721
TSS,2020,-3.23642852363861,6.803309525677
TSS,2021,3.65270461847631,6.9876633959167
TSS,2022,4.0614075605038,6.19801853183662
TTO,2020,-8.78879817831519,4.206
TTO,2021,-0.716740625909793,4.446
TTO,2022,0.86126082651883,4.383
TUN,2020,-8.97512622934723,17.656
TUN,2021,4.73603648206102,16.611
TUN,2022,2.75228761004381,15.3
TUR,2020,1.80306247087255,13.148
TUR,2021,11.811094450607,11.969
TUR,2022,5.44122511322401,10.465
TUV,2020,-4.27493206901397,
TUV,2021,1.8041359113616,
TUV,2022,0.677309361438304,
TZA,2020,1.99196460647855,2.781
TZA,2021,4.32138429480482,2.821
TZA,2022,4.56600576430955,2.588
UGA,2020,2.95130642218098,3.831
UGA,2021,3.53658034070898,3.422
UGA,2022,4.58802192181773,2.886
UKR,2020,-3.75281793983162,9.475
UKR,2021,3.44562065945944,9.834
UKR,2022,-28.7585842155085,
URY,2020,-7.35732706484723,10.413
URY,2021,5.84427312558179,9.328
URY,2022,4.48622703072073,7.877
USA,2020,-2.16302914036166,8.055
USA,2021,6.05505293244555,5.349
USA,2022,2.51237531986017,3.65
UZB,2020,1.56334277260515,5.293
UZB,2021,8.03468312640049,5.364
UZB,2022,6.00134232203442,4.49
VCT,2020,-4.26892434422649,20.636
VCT,2021,2.09340124465459,20.341
VCT,2022,3.1108330034352,19.417
VEN,2020,-29.9985699155957,7.53
VEN,2021,0.955433428579269,7.037
VEN,2022,8.00091310654791,5.707
VIR,2020,-1.61493817814787,15.191
VIR,2021,3.66760707873814,14.273
VIR,2022,-1.31123206333498,13.007
VNM,2020,2.86541320912272,2.103
VNM,2021,2.55372852648131,2.385
VNM,2022,8.53750046755788,1.523
VUT,2020,-4.99249142889525,4.046
VUT,2021,-1.55229489129462,4.766
VUT,2022,5.18622862422562,5.143
WLD,2020,-2.8992231033702,6.60899733931892
WLD,2021,6.41334961541973,6.06432744368016
WLD,2022,3.40305483746891,5.26065959317207
WSM,2020,-3.10864485863991,7.435
WSM,2021,-5.04350521486909,6.612
WSM,2022,2.26705055249026,5.048
XKX,2020,-5.34027547826166,
XKX,2021,10.7456560819583,
XKX,2022,4.27849895827543,
YEM,2020,,17.953
YEM,2021,,18.287
YEM,2022,,17.363
ZAF,2020,-6.1689177146757,29.217
ZAF,2021,4.85864865060148,34.007
ZAF,2022,2.05813661692193,33.268
ZMB,2020,-2.78505506545167,6.033
ZMB,2021,6.23492204726448,5.199
ZMB,2022,5.21122360356247,5.995
ZWE,2020,-7.81695060188729,8.621
ZWE,2021,8.46801676808001,9.54
ZWE,2022,6.13926327570213,10.087
